timestamp,value
2011-08-17T00:00:00Z,0
2011-08-18T00:00:00Z,1
2011-08-19T00:00:00Z,0
2011-08-20T00:00:00Z,2
2011-08-21T00:00:00Z,0
2011-08-22T00:00:00Z,2
2011-08-23T00:00:00Z,1
2011-08-24T00:00:00Z,0
2011-08-25T00:00:00Z,2
2011-08-26T00:00:00Z,0
2011-08-27T00:00:00Z,0
2011-08-28T00:00:00Z,0
2011-08-29T00:00:00Z,0
2011-08-30T00:00:00Z,0
2011-08-31T00:00:00Z,0
2011-09-01T00:00:00Z,0
2011-09-02T00:00:00Z,0
2011-09-03T00:00:00Z,0
2011-09-04T00:00:00Z,1
2011-09-05T00:00:00Z,0
2011-09-06T00:00:00Z,0
2011-09-07T00:00:00Z,0
2011-09-08T00:00:00Z,0
2011-09-09T00:00:00Z,0
2011-09-10T00:00:00Z,0
2011-09-11T00:00:00Z,0
2011-09-12T00:00:00Z,1
2011-09-13T00:00:00Z,0
2011-09-14T00:00:00Z,0
2011-09-15T00:00:00Z,0
2011-09-16T00:00:00Z,0
2011-09-17T00:00:00Z,0
2011-09-18T00:00:00Z,0
2011-09-19T00:00:00Z,0
2011-09-20T00:00:00Z,0
2011-09-21T00:00:00Z,2
2011-09-22T00:00:00Z,0
2011-09-23T00:00:00Z,0
2011-09-24T00:00:00Z,0
2011-09-25T00:00:00Z,0
2011-09-26T00:00:00Z,0
2011-09-27T00:00:00Z,1
2011-09-28T00:00:00Z,0
2011-09-29T00:00:00Z,0
2011-09-30T00:00:00Z,0
2011-10-01T00:00:00Z,0
2011-10-02T00:00:00Z,0
2011-10-03T00:00:00Z,0
2011-10-04T00:00:00Z,0
2011-10-05T00:00:00Z,0
2011-10-06T00:00:00Z,2
2011-10-07T00:00:00Z,1
2011-10-08T00:00:00Z,0
2011-10-09T00:00:00Z,0
2011-10-10T00:00:00Z,1
2011-10-11T00:00:00Z,2
2011-10-12T00:00:00Z,0
2011-10-13T00:00:00Z,0
2011-10-14T00:00:00Z,0
2011-10-15T00:00:00Z,0
2011-10-16T00:00:00Z,0
2011-10-17T00:00:00Z,1
2011-10-18T00:00:00Z,0
2011-10-19T00:00:00Z,0
2011-10-20T00:00:00Z,0
2011-10-21T00:00:00Z,0
2011-10-22T00:00:00Z,0
2011-10-23T00:00:00Z,0
2011-10-24T00:00:00Z,0
2011-10-25T00:00:00Z,0
2011-10-26T00:00:00Z,3
2011-10-27T00:00:00Z,1
2011-10-28T00:00:00Z,0
2011-10-29T00:00:00Z,2
2011-10-30T00:00:00Z,0
2011-10-31T00:00:00Z,1
2011-11-01T00:00:00Z,0
2011-11-02T00:00:00Z,0
2011-11-03T00:00:00Z,0
2011-11-04T00:00:00Z,1
2011-11-05T00:00:00Z,2
2011-11-06T00:00:00Z,1
2011-11-07T00:00:00Z,1
2011-11-08T00:00:00Z,1
2011-11-09T00:00:00Z,0
2011-11-10T00:00:00Z,5
2011-11-11T00:00:00Z,0
2011-11-12T00:00:00Z,1
2011-11-13T00:00:00Z,0
2011-11-14T00:00:00Z,2
2011-11-15T00:00:00Z,8
2011-11-16T00:00:00Z,9
2011-11-17T00:00:00Z,1
2011-11-18T00:00:00Z,1
2011-11-19T00:00:00Z,0
2011-11-20T00:00:00Z,5
2011-11-21T00:00:00Z,4
2011-11-22T00:00:00Z,6
2011-11-23T00:00:00Z,0
2011-11-24T00:00:00Z,0
2011-11-25T00:00:00Z,4
2011-11-26T00:00:00Z,2
2011-11-27T00:00:00Z,2
2011-11-28T00:00:00Z,2
2011-11-29T00:00:00Z,6
2011-11-30T00:00:00Z,4
2011-12-01T00:00:00Z,3
2011-12-02T00:00:00Z,2
2011-12-03T00:00:00Z,0
2011-12-04T00:00:00Z,2
2011-12-05T00:00:00Z,3
2011-12-06T00:00:00Z,4
2011-12-07T00:00:00Z,5
2011-12-08T00:00:00Z,1
2011-12-09T00:00:00Z,1
2011-12-10T00:00:00Z,2
2011-12-11T00:00:00Z,4
2011-12-12T00:00:00Z,5
2011-12-13T00:00:00Z,3
2011-12-14T00:00:00Z,8
2011-12-15T00:00:00Z,4
2011-12-16T00:00:00Z,1
2011-12-17T00:00:00Z,0
2011-12-18T00:00:00Z,3
2011-12-19T00:00:00Z,2
2011-12-20T00:00:00Z,5
2011-12-21T00:00:00Z,3
2011-12-22T00:00:00Z,4
2011-12-23T00:00:00Z,3
2011-12-24T00:00:00Z,0
2011-12-25T00:00:00Z,0
2011-12-26T00:00:00Z,1
2011-12-27T00:00:00Z,3
2011-12-28T00:00:00Z,4
2011-12-29T00:00:00Z,4
2011-12-30T00:00:00Z,3
2011-12-31T00:00:00Z,2
2012-01-01T00:00:00Z,2
2012-01-02T00:00:00Z,2
2012-01-03T00:00:00Z,4
2012-01-04T00:00:00Z,3
2012-01-05T00:00:00Z,5
2012-01-06T00:00:00Z,3
2012-01-07T00:00:00Z,1
2012-01-08T00:00:00Z,0
2012-01-09T00:00:00Z,3
2012-01-10T00:00:00Z,7
2012-01-11T00:00:00Z,8
2012-01-12T00:00:00Z,5
2012-01-13T00:00:00Z,8
2012-01-14T00:00:00Z,0
2012-01-15T00:00:00Z,3
2012-01-16T00:00:00Z,5
2012-01-17T00:00:00Z,2
2012-01-18T00:00:00Z,8
2012-01-19T00:00:00Z,2
2012-01-20T00:00:00Z,4
2012-01-21T00:00:00Z,0
2012-01-22T00:00:00Z,2
2012-01-23T00:00:00Z,4
2012-01-24T00:00:00Z,2
2012-01-25T00:00:00Z,2
2012-01-26T00:00:00Z,5
2012-01-27T00:00:00Z,5
2012-01-28T00:00:00Z,0
2012-01-29T00:00:00Z,2
2012-01-30T00:00:00Z,5
2012-01-31T00:00:00Z,6
2012-02-01T00:00:00Z,4
2012-02-02T00:00:00Z,24
2012-02-03T00:00:00Z,8
2012-02-04T00:00:00Z,4
2012-02-05T00:00:00Z,5
2012-02-06T00:00:00Z,4
2012-02-07T00:00:00Z,5
2012-02-08T00:00:00Z,1
2012-02-09T00:00:00Z,5
2012-02-10T00:00:00Z,10
2012-02-11T00:00:00Z,3
2012-02-12T00:00:00Z,4
2012-02-13T00:00:00Z,5
2012-02-14T00:00:00Z,12
2012-02-15T00:00:00Z,4
2012-02-16T00:00:00Z,11
2012-02-17T00:00:00Z,12
2012-02-18T00:00:00Z,5
2012-02-19T00:00:00Z,2
2012-02-20T00:00:00Z,6
2012-02-21T00:00:00Z,16
2012-02-22T00:00:00Z,4
2012-02-23T00:00:00Z,8
2012-02-24T00:00:00Z,5
2012-02-25T00:00:00Z,5
2012-02-26T00:00:00Z,9
2012-02-27T00:00:00Z,12
2012-02-28T00:00:00Z,12
2012-02-29T00:00:00Z,5
2012-03-01T00:00:00Z,4
2012-03-02T00:00:00Z,4
2012-03-03T00:00:00Z,4
2012-03-04T00:00:00Z,5
2012-03-05T00:00:00Z,11
2012-03-06T00:00:00Z,6
2012-03-07T00:00:00Z,17
2012-03-08T00:00:00Z,9
2012-03-09T00:00:00Z,4
2012-03-10T00:00:00Z,3
2012-03-11T00:00:00Z,4
2012-03-12T00:00:00Z,10
2012-03-13T00:00:00Z,17
2012-03-14T00:00:00Z,5
2012-03-15T00:00:00Z,8
2012-03-16T00:00:00Z,5
2012-03-17T00:00:00Z,9
2012-03-18T00:00:00Z,7
2012-03-19T00:00:00Z,3
2012-03-20T00:00:00Z,15
2012-03-21T00:00:00Z,1
2012-03-22T00:00:00Z,9
2012-03-23T00:00:00Z,3
2012-03-24T00:00:00Z,1
2012-03-25T00:00:00Z,3
2012-03-26T00:00:00Z,9
2012-03-27T00:00:00Z,15
2012-03-28T00:00:00Z,10
2012-03-29T00:00:00Z,3
2012-03-30T00:00:00Z,9
2012-03-31T00:00:00Z,6
2012-04-01T00:00:00Z,3
2012-04-02T00:00:00Z,34
2012-04-03T00:00:00Z,17
2012-04-04T00:00:00Z,12
2012-04-05T00:00:00Z,11
2012-04-06T00:00:00Z,126
2012-04-07T00:00:00Z,8
2012-04-08T00:00:00Z,8
2012-04-09T00:00:00Z,4
2012-04-10T00:00:00Z,8
2012-04-11T00:00:00Z,18
2012-04-12T00:00:00Z,19
2012-04-13T00:00:00Z,11
2012-04-14T00:00:00Z,17
2012-04-15T00:00:00Z,0
2012-04-16T00:00:00Z,14
2012-04-17T00:00:00Z,16
2012-04-18T00:00:00Z,16
2012-04-19T00:00:00Z,22
2012-04-20T00:00:00Z,14
2012-04-21T00:00:00Z,10
2012-04-22T00:00:00Z,5
2012-04-23T00:00:00Z,9
2012-04-24T00:00:00Z,29
2012-04-25T00:00:00Z,15
2012-04-26T00:00:00Z,23
2012-04-27T00:00:00Z,8
2012-04-28T00:00:00Z,3
2012-04-29T00:00:00Z,2
2012-04-30T00:00:00Z,14
2012-05-01T00:00:00Z,15
2012-05-02T00:00:00Z,5
2012-05-03T00:00:00Z,21
2012-05-04T00:00:00Z,15
2012-05-05T00:00:00Z,11
2012-05-06T00:00:00Z,7
2012-05-07T00:00:00Z,16
2012-05-08T00:00:00Z,22
2012-05-09T00:00:00Z,12
2012-05-10T00:00:00Z,16
2012-05-11T00:00:00Z,22
2012-05-12T00:00:00Z,5
2012-05-13T00:00:00Z,9
2012-05-14T00:00:00Z,11
2012-05-15T00:00:00Z,11
2012-05-16T00:00:00Z,18
2012-05-17T00:00:00Z,16
2012-05-18T00:00:00Z,22
2012-05-19T00:00:00Z,4
2012-05-20T00:00:00Z,7
2012-05-21T00:00:00Z,12
2012-05-22T00:00:00Z,15
2012-05-23T00:00:00Z,17
2012-05-24T00:00:00Z,12
2012-05-25T00:00:00Z,8
2012-05-26T00:00:00Z,7
2012-05-27T00:00:00Z,10
2012-05-28T00:00:00Z,3
2012-05-29T00:00:00Z,22
2012-05-30T00:00:00Z,19
2012-05-31T00:00:00Z,8
2012-06-01T00:00:00Z,12
2012-06-02T00:00:00Z,6
2012-06-03T00:00:00Z,8
2012-06-04T00:00:00Z,14
2012-06-05T00:00:00Z,24
2012-06-06T00:00:00Z,24
2012-06-07T00:00:00Z,26
2012-06-08T00:00:00Z,21
2012-06-09T00:00:00Z,12
2012-06-10T00:00:00Z,6
2012-06-11T00:00:00Z,16
2012-06-12T00:00:00Z,19
2012-06-13T00:00:00Z,36
2012-06-14T00:00:00Z,29
2012-06-15T00:00:00Z,23
2012-06-16T00:00:00Z,9
2012-06-17T00:00:00Z,10
2012-06-18T00:00:00Z,20
2012-06-19T00:00:00Z,20
2012-06-20T00:00:00Z,15
2012-06-21T00:00:00Z,12
2012-06-22T00:00:00Z,20
2012-06-23T00:00:00Z,17
2012-06-24T00:00:00Z,8
2012-06-25T00:00:00Z,29
2012-06-26T00:00:00Z,51
2012-06-27T00:00:00Z,33
2012-06-28T00:00:00Z,26
2012-06-29T00:00:00Z,20
2012-06-30T00:00:00Z,8
2012-07-01T00:00:00Z,8
2012-07-02T00:00:00Z,33
2012-07-03T00:00:00Z,23
2012-07-04T00:00:00Z,26
2012-07-05T00:00:00Z,23
2012-07-06T00:00:00Z,23
2012-07-07T00:00:00Z,23
2012-07-08T00:00:00Z,28
2012-07-09T00:00:00Z,29
2012-07-10T00:00:00Z,37
2012-07-11T00:00:00Z,28
2012-07-12T00:00:00Z,37
2012-07-13T00:00:00Z,44
2012-07-14T00:00:00Z,15
2012-07-15T00:00:00Z,7
2012-07-16T00:00:00Z,45
2012-07-17T00:00:00Z,47
2012-07-18T00:00:00Z,62
2012-07-19T00:00:00Z,30
2012-07-20T00:00:00Z,28
2012-07-21T00:00:00Z,16
2012-07-22T00:00:00Z,24
2012-07-23T00:00:00Z,30
2012-07-24T00:00:00Z,33
2012-07-25T00:00:00Z,40
2012-07-26T00:00:00Z,27
2012-07-27T00:00:00Z,32
2012-07-28T00:00:00Z,19
2012-07-29T00:00:00Z,16
2012-07-30T00:00:00Z,27
2012-07-31T00:00:00Z,22
2012-08-01T00:00:00Z,44
2012-08-02T00:00:00Z,49
2012-08-03T00:00:00Z,41
2012-08-04T00:00:00Z,30
2012-08-05T00:00:00Z,22
2012-08-06T00:00:00Z,42
2012-08-07T00:00:00Z,24
2012-08-08T00:00:00Z,41
2012-08-09T00:00:00Z,44
2012-08-10T00:00:00Z,39
2012-08-11T00:00:00Z,16
2012-08-12T00:00:00Z,22
2012-08-13T00:00:00Z,37
2012-08-14T00:00:00Z,40
2012-08-15T00:00:00Z,22
2012-08-16T00:00:00Z,54
2012-08-17T00:00:00Z,71
2012-08-18T00:00:00Z,55
2012-08-19T00:00:00Z,48
2012-08-20T00:00:00Z,31
2012-08-21T00:00:00Z,56
2012-08-22T00:00:00Z,51
2012-08-23T00:00:00Z,40
2012-08-24T00:00:00Z,48
2012-08-25T00:00:00Z,31
2012-08-26T00:00:00Z,29
2012-08-27T00:00:00Z,67
2012-08-28T00:00:00Z,50
2012-08-29T00:00:00Z,40
2012-08-30T00:00:00Z,33
2012-08-31T00:00:00Z,49
2012-09-01T00:00:00Z,34
2012-09-02T00:00:00Z,27
2012-09-03T00:00:00Z,44
2012-09-04T00:00:00Z,56
2012-09-05T00:00:00Z,49
2012-09-06T00:00:00Z,60
2012-09-07T00:00:00Z,50
2012-09-08T00:00:00Z,35
2012-09-09T00:00:00Z,30
2012-09-10T00:00:00Z,33
2012-09-11T00:00:00Z,75
2012-09-12T00:00:00Z,35
2012-09-13T00:00:00Z,42
2012-09-14T00:00:00Z,36
2012-09-15T00:00:00Z,27
2012-09-16T00:00:00Z,32
2012-09-17T00:00:00Z,31
2012-09-18T00:00:00Z,64
2012-09-19T00:00:00Z,58
2012-09-20T00:00:00Z,40
2012-09-21T00:00:00Z,43
2012-09-22T00:00:00Z,28
2012-09-23T00:00:00Z,48
2012-09-24T00:00:00Z,69
2012-09-25T00:00:00Z,42
2012-09-26T00:00:00Z,47
2012-09-27T00:00:00Z,53
2012-09-28T00:00:00Z,47
2012-09-29T00:00:00Z,26
2012-09-30T00:00:00Z,15
2012-10-01T00:00:00Z,32
2012-10-02T00:00:00Z,57
2012-10-03T00:00:00Z,48
2012-10-04T00:00:00Z,62
2012-10-05T00:00:00Z,61
2012-10-06T00:00:00Z,37
2012-10-07T00:00:00Z,37
2012-10-08T00:00:00Z,51
2012-10-09T00:00:00Z,67
2012-10-10T00:00:00Z,53
2012-10-11T00:00:00Z,67
2012-10-12T00:00:00Z,62
2012-10-13T00:00:00Z,42
2012-10-14T00:00:00Z,34
2012-10-15T00:00:00Z,74
2012-10-16T00:00:00Z,45
2012-10-17T00:00:00Z,55
2012-10-18T00:00:00Z,65
2012-10-19T00:00:00Z,56
2012-10-20T00:00:00Z,15
2012-10-21T00:00:00Z,33
2012-10-22T00:00:00Z,55
2012-10-23T00:00:00Z,75
2012-10-24T00:00:00Z,71
2012-10-25T00:00:00Z,55
2012-10-26T00:00:00Z,49
2012-10-27T00:00:00Z,35
2012-10-28T00:00:00Z,39
2012-10-29T00:00:00Z,76
2012-10-30T00:00:00Z,67
2012-10-31T00:00:00Z,100
2012-11-01T00:00:00Z,54
2012-11-02T00:00:00Z,73
2012-11-03T00:00:00Z,54
2012-11-04T00:00:00Z,49
2012-11-05T00:00:00Z,72
2012-11-06T00:00:00Z,62
2012-11-07T00:00:00Z,93
2012-11-08T00:00:00Z,71
2012-11-09T00:00:00Z,55
2012-11-10T00:00:00Z,31
2012-11-11T00:00:00Z,17
2012-11-12T00:00:00Z,41
2012-11-13T00:00:00Z,56
2012-11-14T00:00:00Z,39
2012-11-15T00:00:00Z,77
2012-11-16T00:00:00Z,103
2012-11-17T00:00:00Z,37
2012-11-18T00:00:00Z,32
2012-11-19T00:00:00Z,84
2012-11-20T00:00:00Z,63
2012-11-21T00:00:00Z,50
2012-11-22T00:00:00Z,115
2012-11-23T00:00:00Z,60
2012-11-24T00:00:00Z,49
2012-11-25T00:00:00Z,37
2012-11-26T00:00:00Z,80
2012-11-27T00:00:00Z,69
2012-11-28T00:00:00Z,70
2012-11-29T00:00:00Z,77
2012-11-30T00:00:00Z,76
2012-12-01T00:00:00Z,33
2012-12-02T00:00:00Z,29
2012-12-03T00:00:00Z,72
2012-12-04T00:00:00Z,84
2012-12-05T00:00:00Z,82
2012-12-06T00:00:00Z,76
2012-12-07T00:00:00Z,84
2012-12-08T00:00:00Z,38
2012-12-09T00:00:00Z,35
2012-12-10T00:00:00Z,53
2012-12-11T00:00:00Z,74
2012-12-12T00:00:00Z,77
2012-12-13T00:00:00Z,76
2012-12-14T00:00:00Z,71
2012-12-15T00:00:00Z,33
2012-12-16T00:00:00Z,33
2012-12-17T00:00:00Z,80
2012-12-18T00:00:00Z,92
2012-12-19T00:00:00Z,83
2012-12-20T00:00:00Z,50
2012-12-21T00:00:00Z,42
2012-12-22T00:00:00Z,36
2012-12-23T00:00:00Z,36
2012-12-24T00:00:00Z,48
2012-12-25T00:00:00Z,33
2012-12-26T00:00:00Z,39
2012-12-27T00:00:00Z,70
2012-12-28T00:00:00Z,67
2012-12-29T00:00:00Z,40
2012-12-30T00:00:00Z,38
2012-12-31T00:00:00Z,42
2013-01-01T00:00:00Z,43
2013-01-02T00:00:00Z,60
2013-01-03T00:00:00Z,53
2013-01-04T00:00:00Z,72
2013-01-05T00:00:00Z,53
2013-01-06T00:00:00Z,35
2013-01-07T00:00:00Z,80
2013-01-08T00:00:00Z,76
2013-01-09T00:00:00Z,67
2013-01-10T00:00:00Z,65
2013-01-11T00:00:00Z,87
2013-01-12T00:00:00Z,52
2013-01-13T00:00:00Z,41
2013-01-14T00:00:00Z,57
2013-01-15T00:00:00Z,96
2013-01-16T00:00:00Z,92
2013-01-17T00:00:00Z,83
2013-01-18T00:00:00Z,94
2013-01-19T00:00:00Z,55
2013-01-20T00:00:00Z,74
2013-01-21T00:00:00Z,107
2013-01-22T00:00:00Z,84
2013-01-23T00:00:00Z,125
2013-01-24T00:00:00Z,115
2013-01-25T00:00:00Z,103
2013-01-26T00:00:00Z,48
2013-01-27T00:00:00Z,60
2013-01-28T00:00:00Z,91
2013-01-29T00:00:00Z,97
2013-01-30T00:00:00Z,101
2013-01-31T00:00:00Z,74
2013-02-01T00:00:00Z,129
2013-02-02T00:00:00Z,72
2013-02-03T00:00:00Z,55
2013-02-04T00:00:00Z,77
2013-02-05T00:00:00Z,95
2013-02-06T00:00:00Z,86
2013-02-07T00:00:00Z,84
2013-02-08T00:00:00Z,88
2013-02-09T00:00:00Z,72
2013-02-10T00:00:00Z,78
2013-02-11T00:00:00Z,104
2013-02-12T00:00:00Z,103
2013-02-13T00:00:00Z,107
2013-02-14T00:00:00Z,153
2013-02-15T00:00:00Z,106
2013-02-16T00:00:00Z,129
2013-02-17T00:00:00Z,119
2013-02-18T00:00:00Z,145
2013-02-19T00:00:00Z,166
2013-02-20T00:00:00Z,137
2013-02-21T00:00:00Z,127
2013-02-22T00:00:00Z,155
2013-02-23T00:00:00Z,94
2013-02-24T00:00:00Z,89
2013-02-25T00:00:00Z,76
2013-02-26T00:00:00Z,147
2013-02-27T00:00:00Z,155
2013-02-28T00:00:00Z,205
2013-03-01T00:00:00Z,156
2013-03-02T00:00:00Z,127
2013-03-03T00:00:00Z,127
2013-03-04T00:00:00Z,161
2013-03-05T00:00:00Z,246
2013-03-06T00:00:00Z,305
2013-03-07T00:00:00Z,340
2013-03-08T00:00:00Z,193
2013-03-09T00:00:00Z,217
2013-03-10T00:00:00Z,138
2013-03-11T00:00:00Z,144
2013-03-12T00:00:00Z,288
2013-03-13T00:00:00Z,256
2013-03-14T00:00:00Z,236
2013-03-15T00:00:00Z,162
2013-03-16T00:00:00Z,121
2013-03-17T00:00:00Z,111
2013-03-18T00:00:00Z,166
2013-03-19T00:00:00Z,316
2013-03-20T00:00:00Z,299
2013-03-21T00:00:00Z,298
2013-03-22T00:00:00Z,323
2013-03-23T00:00:00Z,221
2013-03-24T00:00:00Z,205
2013-03-25T00:00:00Z,215
2013-03-26T00:00:00Z,322
2013-03-27T00:00:00Z,340
2013-03-28T00:00:00Z,389
2013-03-29T00:00:00Z,290
2013-03-30T00:00:00Z,210
2013-03-31T00:00:00Z,159
2013-04-01T00:00:00Z,244
2013-04-02T00:00:00Z,384
2013-04-03T00:00:00Z,430
2013-04-04T00:00:00Z,394
2013-04-05T00:00:00Z,402
2013-04-06T00:00:00Z,246
2013-04-07T00:00:00Z,237
2013-04-08T00:00:00Z,551
2013-04-09T00:00:00Z,657
2013-04-10T00:00:00Z,712
2013-04-11T00:00:00Z,953
2013-04-12T00:00:00Z,814
2013-04-13T00:00:00Z,461
2013-04-14T00:00:00Z,317
2013-04-15T00:00:00Z,557
2013-04-16T00:00:00Z,799
2013-04-17T00:00:00Z,609
2013-04-18T00:00:00Z,468
2013-04-19T00:00:00Z,640
2013-04-20T00:00:00Z,335
2013-04-21T00:00:00Z,429
2013-04-22T00:00:00Z,505
2013-04-23T00:00:00Z,588
2013-04-24T00:00:00Z,633
2013-04-25T00:00:00Z,492
2013-04-26T00:00:00Z,495
2013-04-27T00:00:00Z,462
2013-04-28T00:00:00Z,337
2013-04-29T00:00:00Z,405
2013-04-30T00:00:00Z,348
2013-05-01T00:00:00Z,553
2013-05-02T00:00:00Z,444
2013-05-03T00:00:00Z,528
2013-05-04T00:00:00Z,361
2013-05-05T00:00:00Z,362
2013-05-06T00:00:00Z,432
2013-05-07T00:00:00Z,408
2013-05-08T00:00:00Z,362
2013-05-09T00:00:00Z,374
2013-05-10T00:00:00Z,431
2013-05-11T00:00:00Z,381
2013-05-12T00:00:00Z,234
2013-05-13T00:00:00Z,309
2013-05-14T00:00:00Z,367
2013-05-15T00:00:00Z,564
2013-05-16T00:00:00Z,455
2013-05-17T00:00:00Z,511
2013-05-18T00:00:00Z,436
2013-05-19T00:00:00Z,291
2013-05-20T00:00:00Z,340
2013-05-21T00:00:00Z,402
2013-05-22T00:00:00Z,460
2013-05-23T00:00:00Z,573
2013-05-24T00:00:00Z,470
2013-05-25T00:00:00Z,321
2013-05-26T00:00:00Z,265
2013-05-27T00:00:00Z,382
2013-05-28T00:00:00Z,386
2013-05-29T00:00:00Z,372
2013-05-30T00:00:00Z,354
2013-05-31T00:00:00Z,334
2013-06-01T00:00:00Z,317
2013-06-02T00:00:00Z,406
2013-06-03T00:00:00Z,387
2013-06-04T00:00:00Z,374
2013-06-05T00:00:00Z,324
2013-06-06T00:00:00Z,339
2013-06-07T00:00:00Z,466
2013-06-08T00:00:00Z,268
2013-06-09T00:00:00Z,446
2013-06-10T00:00:00Z,401
2013-06-11T00:00:00Z,525
2013-06-12T00:00:00Z,390
2013-06-13T00:00:00Z,307
2013-06-14T00:00:00Z,332
2013-06-15T00:00:00Z,199
2013-06-16T00:00:00Z,237
2013-06-17T00:00:00Z,267
2013-06-18T00:00:00Z,337
2013-06-19T00:00:00Z,346
2013-06-20T00:00:00Z,326
2013-06-21T00:00:00Z,443
2013-06-22T00:00:00Z,230
2013-06-23T00:00:00Z,238
2013-06-24T00:00:00Z,387
2013-06-25T00:00:00Z,311
2013-06-26T00:00:00Z,330
2013-06-27T00:00:00Z,330
2013-06-28T00:00:00Z,313
2013-06-29T00:00:00Z,181
2013-06-30T00:00:00Z,198
2013-07-01T00:00:00Z,442
2013-07-02T00:00:00Z,368
2013-07-03T00:00:00Z,439
2013-07-04T00:00:00Z,449
2013-07-05T00:00:00Z,374
2013-07-06T00:00:00Z,337
2013-07-07T00:00:00Z,232
2013-07-08T00:00:00Z,327
2013-07-09T00:00:00Z,411
2013-07-10T00:00:00Z,473
2013-07-11T00:00:00Z,485
2013-07-12T00:00:00Z,459
2013-07-13T00:00:00Z,297
2013-07-14T00:00:00Z,267
2013-07-15T00:00:00Z,409
2013-07-16T00:00:00Z,423
2013-07-17T00:00:00Z,405
2013-07-18T00:00:00Z,419
2013-07-19T00:00:00Z,395
2013-07-20T00:00:00Z,214
2013-07-21T00:00:00Z,273
2013-07-22T00:00:00Z,387
2013-07-23T00:00:00Z,368
2013-07-24T00:00:00Z,406
2013-07-25T00:00:00Z,453
2013-07-26T00:00:00Z,406
2013-07-27T00:00:00Z,294
2013-07-28T00:00:00Z,238
2013-07-29T00:00:00Z,482
2013-07-30T00:00:00Z,463
2013-07-31T00:00:00Z,502
2013-08-01T00:00:00Z,467
2013-08-02T00:00:00Z,426
2013-08-03T00:00:00Z,274
2013-08-04T00:00:00Z,217
2013-08-05T00:00:00Z,425
2013-08-06T00:00:00Z,445
2013-08-07T00:00:00Z,358
2013-08-08T00:00:00Z,415
2013-08-09T00:00:00Z,343
2013-08-10T00:00:00Z,302
2013-08-11T00:00:00Z,293
2013-08-12T00:00:00Z,306
2013-08-13T00:00:00Z,450
2013-08-14T00:00:00Z,568
2013-08-15T00:00:00Z,406
2013-08-16T00:00:00Z,415
2013-08-17T00:00:00Z,384
2013-08-18T00:00:00Z,260
2013-08-19T00:00:00Z,524
2013-08-20T00:00:00Z,604
2013-08-21T00:00:00Z,602
2013-08-22T00:00:00Z,638
2013-08-23T00:00:00Z,534
2013-08-24T00:00:00Z,374
2013-08-25T00:00:00Z,344
2013-08-26T00:00:00Z,449
2013-08-27T00:00:00Z,655
2013-08-28T00:00:00Z,583
2013-08-29T00:00:00Z,483
2013-08-30T00:00:00Z,689
2013-08-31T00:00:00Z,490
2013-09-01T00:00:00Z,287
2013-09-02T00:00:00Z,441
2013-09-03T00:00:00Z,640
2013-09-04T00:00:00Z,738
2013-09-05T00:00:00Z,708
2013-09-06T00:00:00Z,665
2013-09-07T00:00:00Z,397
2013-09-08T00:00:00Z,313
2013-09-09T00:00:00Z,466
2013-09-10T00:00:00Z,631
2013-09-11T00:00:00Z,745
2013-09-12T00:00:00Z,617
2013-09-13T00:00:00Z,607
2013-09-14T00:00:00Z,316
2013-09-15T00:00:00Z,412
2013-09-16T00:00:00Z,506
2013-09-17T00:00:00Z,603
2013-09-18T00:00:00Z,688
2013-09-19T00:00:00Z,600
2013-09-20T00:00:00Z,439
2013-09-21T00:00:00Z,307
2013-09-22T00:00:00Z,345
2013-09-23T00:00:00Z,536
2013-09-24T00:00:00Z,642
2013-09-25T00:00:00Z,556
2013-09-26T00:00:00Z,580
2013-09-27T00:00:00Z,544
2013-09-28T00:00:00Z,402
2013-09-29T00:00:00Z,441
2013-09-30T00:00:00Z,591
2013-10-01T00:00:00Z,592
2013-10-02T00:00:00Z,597
2013-10-03T00:00:00Z,509
2013-10-04T00:00:00Z,338
2013-10-05T00:00:00Z,338
2013-10-06T00:00:00Z,335
2013-10-07T00:00:00Z,457
2013-10-08T00:00:00Z,515
2013-10-09T00:00:00Z,506
2013-10-10T00:00:00Z,633
2013-10-11T00:00:00Z,551
2013-10-12T00:00:00Z,422
2013-10-13T00:00:00Z,426
2013-10-14T00:00:00Z,672
2013-10-15T00:00:00Z,630
2013-10-16T00:00:00Z,639
2013-10-17T00:00:00Z,541
2013-10-18T00:00:00Z,644
2013-10-19T00:00:00Z,740
2013-10-20T00:00:00Z,573
2013-10-21T00:00:00Z,783
2013-10-22T00:00:00Z,2052
2013-10-23T00:00:00Z,1015
2013-10-24T00:00:00Z,1085
2013-10-25T00:00:00Z,835
2013-10-26T00:00:00Z,475
2013-10-27T00:00:00Z,474
2013-10-28T00:00:00Z,787
2013-10-29T00:00:00Z,705
2013-10-30T00:00:00Z,632
2013-10-31T00:00:00Z,1096
2013-11-01T00:00:00Z,672
2013-11-02T00:00:00Z,596
2013-11-03T00:00:00Z,591
2013-11-04T00:00:00Z,982
2013-11-05T00:00:00Z,1218
2013-11-06T00:00:00Z,1235
2013-11-07T00:00:00Z,1537
2013-11-08T00:00:00Z,1309
2013-11-09T00:00:00Z,1223
2013-11-10T00:00:00Z,1144
2013-11-11T00:00:00Z,1135
2013-11-12T00:00:00Z,1328
2013-11-13T00:00:00Z,1497
2013-11-14T00:00:00Z,1632
2013-11-15T00:00:00Z,1366
2013-11-16T00:00:00Z,1049
2013-11-17T00:00:00Z,1171
2013-11-18T00:00:00Z,2236
2013-11-19T00:00:00Z,1971
2013-11-20T00:00:00Z,1925
2013-11-21T00:00:00Z,2132
2013-11-22T00:00:00Z,1906
2013-11-23T00:00:00Z,1745
2013-11-24T00:00:00Z,1355
2013-11-25T00:00:00Z,1819
2013-11-26T00:00:00Z,2153
2013-11-27T00:00:00Z,2661
2013-11-28T00:00:00Z,2668
2013-11-29T00:00:00Z,2487
2013-11-30T00:00:00Z,2031
2013-12-01T00:00:00Z,2123
2013-12-02T00:00:00Z,2036
2013-12-03T00:00:00Z,1890
2013-12-04T00:00:00Z,2061
2013-12-05T00:00:00Z,2423
2013-12-06T00:00:00Z,1922
2013-12-07T00:00:00Z,2647
2013-12-08T00:00:00Z,1493
2013-12-09T00:00:00Z,1766
2013-12-10T00:00:00Z,1800
2013-12-11T00:00:00Z,1917
2013-12-12T00:00:00Z,1495
2013-12-13T00:00:00Z,1476
2013-12-14T00:00:00Z,1129
2013-12-15T00:00:00Z,1112
2013-12-16T00:00:00Z,2447
2013-12-17T00:00:00Z,2502
2013-12-18T00:00:00Z,3707
2013-12-19T00:00:00Z,2743
2013-12-20T00:00:00Z,1890
2013-12-21T00:00:00Z,1339
2013-12-22T00:00:00Z,1326
2013-12-23T00:00:00Z,1522
2013-12-24T00:00:00Z,1381
2013-12-25T00:00:00Z,1108
2013-12-26T00:00:00Z,1578
2013-12-27T00:00:00Z,1655
2013-12-28T00:00:00Z,1248
2013-12-29T00:00:00Z,1166
2013-12-30T00:00:00Z,1314
2013-12-31T00:00:00Z,1268
2014-01-01T00:00:00Z,1050
2014-01-02T00:00:00Z,1633
2014-01-03T00:00:00Z,1835
2014-01-04T00:00:00Z,1432
2014-01-05T00:00:00Z,1700
2014-01-06T00:00:00Z,1971
2014-01-07T00:00:00Z,1720
2014-01-08T00:00:00Z,1999
2014-01-09T00:00:00Z,1876
2014-01-10T00:00:00Z,1344
2014-01-11T00:00:00Z,1526
2014-01-12T00:00:00Z,1235
2014-01-13T00:00:00Z,1464
2014-01-14T00:00:00Z,1349
2014-01-15T00:00:00Z,1383
2014-01-16T00:00:00Z,1505
2014-01-17T00:00:00Z,1412
2014-01-18T00:00:00Z,1179
2014-01-19T00:00:00Z,1179
2014-01-20T00:00:00Z,1995
2014-01-21T00:00:00Z,1670
2014-01-22T00:00:00Z,1679
2014-01-23T00:00:00Z,1444
2014-01-24T00:00:00Z,1765
2014-01-25T00:00:00Z,1150
2014-01-26T00:00:00Z,1431
2014-01-27T00:00:00Z,1743
2014-01-28T00:00:00Z,1631
2014-01-29T00:00:00Z,1581
2014-01-30T00:00:00Z,1406
2014-01-31T00:00:00Z,1336
2014-02-01T00:00:00Z,1179
2014-02-02T00:00:00Z,1146
2014-02-03T00:00:00Z,1346
2014-02-04T00:00:00Z,1989
2014-02-05T00:00:00Z,1800
2014-02-06T00:00:00Z,1866
2014-02-07T00:00:00Z,2353
2014-02-08T00:00:00Z,1642
2014-02-09T00:00:00Z,1691
2014-02-10T00:00:00Z,2255
2014-02-11T00:00:00Z,1045
2014-02-12T00:00:00Z,916
2014-02-13T00:00:00Z,940
2014-02-14T00:00:00Z,2032
2014-02-15T00:00:00Z,1683
2014-02-16T00:00:00Z,1827
2014-02-17T00:00:00Z,1833
2014-02-18T00:00:00Z,2124
2014-02-19T00:00:00Z,2127
2014-02-20T00:00:00Z,2267
2014-02-21T00:00:00Z,2108
2014-02-22T00:00:00Z,1596
2014-02-23T00:00:00Z,1947
2014-02-24T00:00:00Z,2303
2014-02-25T00:00:00Z,3364
2014-02-26T00:00:00Z,2749
2014-02-27T00:00:00Z,2298
2014-02-28T00:00:00Z,2186
2014-03-01T00:00:00Z,1874
2014-03-02T00:00:00Z,1536
2014-03-03T00:00:00Z,2975
2014-03-04T00:00:00Z,2881
2014-03-05T00:00:00Z,2312
2014-03-06T00:00:00Z,2139
2014-03-07T00:00:00Z,2285
2014-03-08T00:00:00Z,2611
2014-03-09T00:00:00Z,2613
2014-03-10T00:00:00Z,2694
2014-03-11T00:00:00Z,2505
2014-03-12T00:00:00Z,2848
2014-03-13T00:00:00Z,2698
2014-03-14T00:00:00Z,2908
2014-03-15T00:00:00Z,2542
2014-03-16T00:00:00Z,3041
2014-03-17T00:00:00Z,2852
2014-03-18T00:00:00Z,2867
2014-03-19T00:00:00Z,2649
2014-03-20T00:00:00Z,2955
2014-03-21T00:00:00Z,3546
2014-03-22T00:00:00Z,3899
2014-03-23T00:00:00Z,2729
2014-03-24T00:00:00Z,3201
2014-03-25T00:00:00Z,2965
2014-03-26T00:00:00Z,3003
2014-03-27T00:00:00Z,3623
2014-03-28T00:00:00Z,3302
2014-03-29T00:00:00Z,2654
2014-03-30T00:00:00Z,2820
2014-03-31T00:00:00Z,3130
2014-04-01T00:00:00Z,3650
2014-04-02T00:00:00Z,3874
2014-04-03T00:00:00Z,3199
2014-04-04T00:00:00Z,3454
2014-04-05T00:00:00Z,2695
2014-04-06T00:00:00Z,2676
2014-04-07T00:00:00Z,2992
2014-04-08T00:00:00Z,2394
2014-04-09T00:00:00Z,3206
2014-04-10T00:00:00Z,3416
2014-04-11T00:00:00Z,3638
2014-04-12T00:00:00Z,2318
2014-04-13T00:00:00Z,2607
2014-04-14T00:00:00Z,3713
2014-04-15T00:00:00Z,3549
2014-04-16T00:00:00Z,3877
2014-04-17T00:00:00Z,3802
2014-04-18T00:00:00Z,3817
2014-04-19T00:00:00Z,3403
2014-04-20T00:00:00Z,3021
2014-04-21T00:00:00Z,3490
2014-04-22T00:00:00Z,3888
2014-04-23T00:00:00Z,3414
2014-04-24T00:00:00Z,3484
2014-04-25T00:00:00Z,3365
2014-04-26T00:00:00Z,2553
2014-04-27T00:00:00Z,2724
2014-04-28T00:00:00Z,3512
2014-04-29T00:00:00Z,3449
2014-04-30T00:00:00Z,3357
2014-05-01T00:00:00Z,3004
2014-05-02T00:00:00Z,2864
2014-05-03T00:00:00Z,2291
2014-05-04T00:00:00Z,2595
2014-05-05T00:00:00Z,3344
2014-05-06T00:00:00Z,3914
2014-05-07T00:00:00Z,3387
2014-05-08T00:00:00Z,3381
2014-05-09T00:00:00Z,3349
2014-05-10T00:00:00Z,3143
2014-05-11T00:00:00Z,3755
2014-05-12T00:00:00Z,4208
2014-05-13T00:00:00Z,4216
2014-05-14T00:00:00Z,3874
2014-05-15T00:00:00Z,4263
2014-05-16T00:00:00Z,3998
2014-05-17T00:00:00Z,3517
2014-05-18T00:00:00Z,3563
2014-05-19T00:00:00Z,4332
2014-05-20T00:00:00Z,4564
2014-05-21T00:00:00Z,4106
2014-05-22T00:00:00Z,4608
2014-05-23T00:00:00Z,4808
2014-05-24T00:00:00Z,3206
2014-05-25T00:00:00Z,4204
2014-05-26T00:00:00Z,4162
2014-05-27T00:00:00Z,4330
2014-05-28T00:00:00Z,4460
2014-05-29T00:00:00Z,4391
2014-05-30T00:00:00Z,4440
2014-05-31T00:00:00Z,3592
2014-06-01T00:00:00Z,3928
2014-06-02T00:00:00Z,4239
2014-06-03T00:00:00Z,4614
2014-06-04T00:00:00Z,4939
2014-06-05T00:00:00Z,4678
2014-06-06T00:00:00Z,4520
2014-06-07T00:00:00Z,3647
2014-06-08T00:00:00Z,3529
2014-06-09T00:00:00Z,4372
2014-06-10T00:00:00Z,4394
2014-06-11T00:00:00Z,4243
2014-06-12T00:00:00Z,5125
2014-06-13T00:00:00Z,4468
2014-06-14T00:00:00Z,3876
2014-06-15T00:00:00Z,3786
2014-06-16T00:00:00Z,4454
2014-06-17T00:00:00Z,5115
2014-06-18T00:00:00Z,4567
2014-06-19T00:00:00Z,4394
2014-06-20T00:00:00Z,4846
2014-06-21T00:00:00Z,4363
2014-06-22T00:00:00Z,4078
2014-06-23T00:00:00Z,4594
2014-06-24T00:00:00Z,3680
2014-06-25T00:00:00Z,4303
2014-06-26T00:00:00Z,3929
2014-06-27T00:00:00Z,4298
2014-06-28T00:00:00Z,3486
2014-06-29T00:00:00Z,3141
2014-06-30T00:00:00Z,4414
2014-07-01T00:00:00Z,4567
2014-07-02T00:00:00Z,4231
2014-07-03T00:00:00Z,4665
2014-07-04T00:00:00Z,3836
2014-07-05T00:00:00Z,3258
2014-07-06T00:00:00Z,3110
2014-07-07T00:00:00Z,3818
2014-07-08T00:00:00Z,3955
2014-07-09T00:00:00Z,3914
2014-07-10T00:00:00Z,4057
2014-07-11T00:00:00Z,3815
2014-07-12T00:00:00Z,3279
2014-07-13T00:00:00Z,3439
2014-07-14T00:00:00Z,4087
2014-07-15T00:00:00Z,4414
2014-07-16T00:00:00Z,3918
2014-07-17T00:00:00Z,4043
2014-07-18T00:00:00Z,3991
2014-07-19T00:00:00Z,3545
2014-07-20T00:00:00Z,3442
2014-07-21T00:00:00Z,3842
2014-07-22T00:00:00Z,3932
2014-07-23T00:00:00Z,3651
2014-07-24T00:00:00Z,4145
2014-07-25T00:00:00Z,3794
2014-07-26T00:00:00Z,2736
2014-07-27T00:00:00Z,3109
2014-07-28T00:00:00Z,3957
2014-07-29T00:00:00Z,3443
2014-07-30T00:00:00Z,3947
2014-07-31T00:00:00Z,3961
2014-08-01T00:00:00Z,3822
2014-08-02T00:00:00Z,3295
2014-08-03T00:00:00Z,3362
2014-08-04T00:00:00Z,4303
2014-08-05T00:00:00Z,4614
2014-08-06T00:00:00Z,4720
2014-08-07T00:00:00Z,4122
2014-08-08T00:00:00Z,3836
2014-08-09T00:00:00Z,3357
2014-08-10T00:00:00Z,3596
2014-08-11T00:00:00Z,4761
2014-08-12T00:00:00Z,4922
2014-08-13T00:00:00Z,4812
2014-08-14T00:00:00Z,4821
2014-08-15T00:00:00Z,4717
2014-08-16T00:00:00Z,6898
2014-08-17T00:00:00Z,3700
2014-08-18T00:00:00Z,4584
2014-08-19T00:00:00Z,4777
2014-08-20T00:00:00Z,4593
2014-08-21T00:00:00Z,4123
2014-08-22T00:00:00Z,4122
2014-08-23T00:00:00Z,3030
2014-08-24T00:00:00Z,3351
2014-08-25T00:00:00Z,3675
2014-08-26T00:00:00Z,4127
2014-08-27T00:00:00Z,3903
2014-08-28T00:00:00Z,3560
2014-08-29T00:00:00Z,3583
2014-08-30T00:00:00Z,3174
2014-08-31T00:00:00Z,3650
2014-09-01T00:00:00Z,3726
2014-09-02T00:00:00Z,3894
2014-09-03T00:00:00Z,3623
2014-09-04T00:00:00Z,4006
2014-09-05T00:00:00Z,3483
2014-09-06T00:00:00Z,3492
2014-09-07T00:00:00Z,3347
2014-09-08T00:00:00Z,3700
2014-09-09T00:00:00Z,4167
2014-09-10T00:00:00Z,4271
2014-09-11T00:00:00Z,3649
2014-09-12T00:00:00Z,3699
2014-09-13T00:00:00Z,3678
2014-09-14T00:00:00Z,3579
2014-09-15T00:00:00Z,4063
2014-09-16T00:00:00Z,6410
2014-09-17T00:00:00Z,4400
2014-09-18T00:00:00Z,4359
2014-09-19T00:00:00Z,4190
2014-09-20T00:00:00Z,3975
2014-09-21T00:00:00Z,3480
2014-09-22T00:00:00Z,4221
2014-09-23T00:00:00Z,4873
2014-09-24T00:00:00Z,5380
2014-09-25T00:00:00Z,5989
2014-09-26T00:00:00Z,4789
2014-09-27T00:00:00Z,3479
2014-09-28T00:00:00Z,4165
2014-09-29T00:00:00Z,4433
2014-09-30T00:00:00Z,4837
2014-10-01T00:00:00Z,4921
2014-10-02T00:00:00Z,4242
2014-10-03T00:00:00Z,6761
2014-10-04T00:00:00Z,8245
2014-10-05T00:00:00Z,4991
2014-10-06T00:00:00Z,5653
2014-10-07T00:00:00Z,5081
2014-10-08T00:00:00Z,5004
2014-10-09T00:00:00Z,5252
2014-10-10T00:00:00Z,4289
2014-10-11T00:00:00Z,4052
2014-10-12T00:00:00Z,3616
2014-10-13T00:00:00Z,4550
2014-10-14T00:00:00Z,4826
2014-10-15T00:00:00Z,4367
2014-10-16T00:00:00Z,3998
2014-10-17T00:00:00Z,4220
2014-10-18T00:00:00Z,3940
2014-10-19T00:00:00Z,3528
2014-10-20T00:00:00Z,4115
2014-10-21T00:00:00Z,4545
2014-10-22T00:00:00Z,4080
2014-10-23T00:00:00Z,4167
2014-10-24T00:00:00Z,3971
2014-10-25T00:00:00Z,3661
2014-10-26T00:00:00Z,3541
2014-10-27T00:00:00Z,4979
2014-10-28T00:00:00Z,4195
2014-10-29T00:00:00Z,4283
2014-10-30T00:00:00Z,4307
2014-10-31T00:00:00Z,4286
2014-11-01T00:00:00Z,3668
2014-11-02T00:00:00Z,4087
2014-11-03T00:00:00Z,4078
2014-11-04T00:00:00Z,4121
2014-11-05T00:00:00Z,4076
2014-11-06T00:00:00Z,4457
2014-11-07T00:00:00Z,4191
2014-11-08T00:00:00Z,3164
2014-11-09T00:00:00Z,3764
2014-11-10T00:00:00Z,4492
2014-11-11T00:00:00Z,3854
2014-11-12T00:00:00Z,5131
2014-11-13T00:00:00Z,4973
2014-11-14T00:00:00Z,4647
2014-11-15T00:00:00Z,3699
2014-11-16T00:00:00Z,3922
2014-11-17T00:00:00Z,4360
2014-11-18T00:00:00Z,3993
2014-11-19T00:00:00Z,3747
2014-11-20T00:00:00Z,3957
2014-11-21T00:00:00Z,4080
2014-11-22T00:00:00Z,3380
2014-11-23T00:00:00Z,3764
2014-11-24T00:00:00Z,4015
2014-11-25T00:00:00Z,3979
2014-11-26T00:00:00Z,4022
2014-11-27T00:00:00Z,3749
2014-11-28T00:00:00Z,4081
2014-11-29T00:00:00Z,3598
2014-11-30T00:00:00Z,3495
2014-12-01T00:00:00Z,4181
2014-12-02T00:00:00Z,4353
2014-12-03T00:00:00Z,3749
2014-12-04T00:00:00Z,3980
2014-12-05T00:00:00Z,3667
2014-12-06T00:00:00Z,3509
2014-12-07T00:00:00Z,3454
2014-12-08T00:00:00Z,3917
2014-12-09T00:00:00Z,4654
2014-12-10T00:00:00Z,3706
2014-12-11T00:00:00Z,4036
2014-12-12T00:00:00Z,3634
2014-12-13T00:00:00Z,3355
2014-12-14T00:00:00Z,3660
2014-12-15T00:00:00Z,4266
2014-12-16T00:00:00Z,5119
2014-12-17T00:00:00Z,4984
2014-12-18T00:00:00Z,4775
2014-12-19T00:00:00Z,4821
2014-12-20T00:00:00Z,4147
2014-12-21T00:00:00Z,3910
2014-12-22T00:00:00Z,4607
2014-12-23T00:00:00Z,4144
2014-12-24T00:00:00Z,3705
2014-12-25T00:00:00Z,3122
2014-12-26T00:00:00Z,3612
2014-12-27T00:00:00Z,3177
2014-12-28T00:00:00Z,3341
2014-12-29T00:00:00Z,3952
2014-12-30T00:00:00Z,3731
2014-12-31T00:00:00Z,3545
2015-01-01T00:00:00Z,2846
2015-01-02T00:00:00Z,3611
2015-01-03T00:00:00Z,4038
2015-01-04T00:00:00Z,4182
2015-01-05T00:00:00Z,3846
2015-01-06T00:00:00Z,3648
2015-01-07T00:00:00Z,3475
2015-01-08T00:00:00Z,3689
2015-01-09T00:00:00Z,4059
2015-01-10T00:00:00Z,5049
2015-01-11T00:00:00Z,3916
2015-01-12T00:00:00Z,3948
2015-01-13T00:00:00Z,5340
2015-01-14T00:00:00Z,5712
2015-01-15T00:00:00Z,5733
2015-01-16T00:00:00Z,4602
2015-01-17T00:00:00Z,3839
2015-01-18T00:00:00Z,4016
2015-01-19T00:00:00Z,4190
2015-01-20T00:00:00Z,4262
2015-01-21T00:00:00Z,4651
2015-01-22T00:00:00Z,4248
2015-01-23T00:00:00Z,4260
2015-01-24T00:00:00Z,3717
2015-01-25T00:00:00Z,3973
2015-01-26T00:00:00Z,5692
2015-01-27T00:00:00Z,4743
2015-01-28T00:00:00Z,4443
2015-01-29T00:00:00Z,4538
2015-01-30T00:00:00Z,4035
2015-01-31T00:00:00Z,3870
2015-02-01T00:00:00Z,3754
2015-02-02T00:00:00Z,4087
2015-02-03T00:00:00Z,4375
2015-02-04T00:00:00Z,5074
2015-02-05T00:00:00Z,5248
2015-02-06T00:00:00Z,3953
2015-02-07T00:00:00Z,3492
2015-02-08T00:00:00Z,3547
2015-02-09T00:00:00Z,4153
2015-02-10T00:00:00Z,3896
2015-02-11T00:00:00Z,3683
2015-02-12T00:00:00Z,3512
2015-02-13T00:00:00Z,4411
2015-02-14T00:00:00Z,4054
2015-02-15T00:00:00Z,4400
2015-02-16T00:00:00Z,4632
2015-02-17T00:00:00Z,4496
2015-02-18T00:00:00Z,4563
2015-02-19T00:00:00Z,3924
2015-02-20T00:00:00Z,4165
2015-02-21T00:00:00Z,3741
2015-02-22T00:00:00Z,3651
2015-02-23T00:00:00Z,4082
2015-02-24T00:00:00Z,4127
2015-02-25T00:00:00Z,3970
2015-02-26T00:00:00Z,3889
2015-02-27T00:00:00Z,4315
2015-02-28T00:00:00Z,3947
2015-03-01T00:00:00Z,3657
2015-03-02T00:00:00Z,4765
2015-03-03T00:00:00Z,4792
2015-03-04T00:00:00Z,6412
2015-03-05T00:00:00Z,7519
2015-03-06T00:00:00Z,7230
2015-03-07T00:00:00Z,10987
2015-03-08T00:00:00Z,11188
2015-03-09T00:00:00Z,8021
2015-03-10T00:00:00Z,7610
2015-03-11T00:00:00Z,8027
2015-03-12T00:00:00Z,6223
2015-03-13T00:00:00Z,5637
2015-03-14T00:00:00Z,5285
2015-03-15T00:00:00Z,5392
2015-03-16T00:00:00Z,6396
2015-03-17T00:00:00Z,5659
2015-03-18T00:00:00Z,6455
2015-03-19T00:00:00Z,5743
2015-03-20T00:00:00Z,6289
2015-03-21T00:00:00Z,6034
2015-03-22T00:00:00Z,6109
2015-03-23T00:00:00Z,6878
2015-03-24T00:00:00Z,6323
2015-03-25T00:00:00Z,6512
2015-03-26T00:00:00Z,6236
2015-03-27T00:00:00Z,6045
2015-03-28T00:00:00Z,5773
2015-03-29T00:00:00Z,6120
2015-03-30T00:00:00Z,6726
2015-03-31T00:00:00Z,7006
2015-04-01T00:00:00Z,6670
2015-04-02T00:00:00Z,6833
2015-04-03T00:00:00Z,5998
2015-04-04T00:00:00Z,5284
2015-04-05T00:00:00Z,5950
2015-04-06T00:00:00Z,6455
2015-04-07T00:00:00Z,7120
2015-04-08T00:00:00Z,6816
2015-04-09T00:00:00Z,6455
2015-04-10T00:00:00Z,7152
2015-04-11T00:00:00Z,6657
2015-04-12T00:00:00Z,6110
2015-04-13T00:00:00Z,7414
2015-04-14T00:00:00Z,6903
2015-04-15T00:00:00Z,6338
2015-04-16T00:00:00Z,5846
2015-04-17T00:00:00Z,5790
2015-04-18T00:00:00Z,5159
2015-04-19T00:00:00Z,5450
2015-04-20T00:00:00Z,7012
2015-04-21T00:00:00Z,6355
2015-04-22T00:00:00Z,6965
2015-04-23T00:00:00Z,7783
2015-04-24T00:00:00Z,7873
2015-04-25T00:00:00Z,7604
2015-04-26T00:00:00Z,8514
2015-04-27T00:00:00Z,9052
2015-04-28T00:00:00Z,8028
2015-04-29T00:00:00Z,7536
2015-04-30T00:00:00Z,7695
2015-05-01T00:00:00Z,7609
2015-05-02T00:00:00Z,8088
2015-05-03T00:00:00Z,7761
2015-05-04T00:00:00Z,7627
2015-05-05T00:00:00Z,8042
2015-05-06T00:00:00Z,8455
2015-05-07T00:00:00Z,7759
2015-05-08T00:00:00Z,8061
2015-05-09T00:00:00Z,6564
2015-05-10T00:00:00Z,6532
2015-05-11T00:00:00Z,7766
2015-05-12T00:00:00Z,7326
2015-05-13T00:00:00Z,7177
2015-05-14T00:00:00Z,7107
2015-05-15T00:00:00Z,7129
2015-05-16T00:00:00Z,6464
2015-05-17T00:00:00Z,7236
2015-05-18T00:00:00Z,7411
2015-05-19T00:00:00Z,7630
2015-05-20T00:00:00Z,7304
2015-05-21T00:00:00Z,6997
2015-05-22T00:00:00Z,8143
2015-05-23T00:00:00Z,7083
2015-05-24T00:00:00Z,8011
2015-05-25T00:00:00Z,7211
2015-05-26T00:00:00Z,7187
2015-05-27T00:00:00Z,6790
2015-05-28T00:00:00Z,7043
2015-05-29T00:00:00Z,6614
2015-05-30T00:00:00Z,7300
2015-05-31T00:00:00Z,6712
2015-06-01T00:00:00Z,8270
2015-06-02T00:00:00Z,7929
2015-06-03T00:00:00Z,7829
2015-06-04T00:00:00Z,7402
2015-06-05T00:00:00Z,7754
2015-06-06T00:00:00Z,7066
2015-06-07T00:00:00Z,6837
2015-06-08T00:00:00Z,8060
2015-06-09T00:00:00Z,7569
2015-06-10T00:00:00Z,7420
2015-06-11T00:00:00Z,7256
2015-06-12T00:00:00Z,7815
2015-06-13T00:00:00Z,6572
2015-06-14T00:00:00Z,7531
2015-06-15T00:00:00Z,7552
2015-06-16T00:00:00Z,7216
2015-06-17T00:00:00Z,8653
2015-06-18T00:00:00Z,8520
2015-06-19T00:00:00Z,7596
2015-06-20T00:00:00Z,6977
2015-06-21T00:00:00Z,6780
2015-06-22T00:00:00Z,7398
2015-06-23T00:00:00Z,7409
2015-06-24T00:00:00Z,7001
2015-06-25T00:00:00Z,6684
2015-06-26T00:00:00Z,7039
2015-06-27T00:00:00Z,6759
2015-06-28T00:00:00Z,7026
2015-06-29T00:00:00Z,7877
2015-06-30T00:00:00Z,7987
2015-07-01T00:00:00Z,8810
2015-07-02T00:00:00Z,8091
2015-07-03T00:00:00Z,7613
2015-07-04T00:00:00Z,6290
2015-07-05T00:00:00Z,7147
2015-07-06T00:00:00Z,8419
2015-07-07T00:00:00Z,7348
2015-07-08T00:00:00Z,6346
2015-07-09T00:00:00Z,8584
2015-07-10T00:00:00Z,8766
2015-07-11T00:00:00Z,7464
2015-07-12T00:00:00Z,7263
2015-07-13T00:00:00Z,7978
2015-07-14T00:00:00Z,7929
2015-07-15T00:00:00Z,7224
2015-07-16T00:00:00Z,7545
2015-07-17T00:00:00Z,6941
2015-07-18T00:00:00Z,6241
2015-07-19T00:00:00Z,6759
2015-07-20T00:00:00Z,7299
2015-07-21T00:00:00Z,7412
2015-07-22T00:00:00Z,7148
2015-07-23T00:00:00Z,6715
2015-07-24T00:00:00Z,7352
2015-07-25T00:00:00Z,6780
2015-07-26T00:00:00Z,7177
2015-07-27T00:00:00Z,8333
2015-07-28T00:00:00Z,8373
2015-07-29T00:00:00Z,8104
2015-07-30T00:00:00Z,8420
2015-07-31T00:00:00Z,10072
2015-08-01T00:00:00Z,7571
2015-08-02T00:00:00Z,7716
2015-08-03T00:00:00Z,8619
2015-08-04T00:00:00Z,8730
2015-08-05T00:00:00Z,8653
2015-08-06T00:00:00Z,8463
2015-08-07T00:00:00Z,8058
2015-08-08T00:00:00Z,8074
2015-08-09T00:00:00Z,7772
2015-08-10T00:00:00Z,8559
2015-08-11T00:00:00Z,8607
2015-08-12T00:00:00Z,8976
2015-08-13T00:00:00Z,8851
2015-08-14T00:00:00Z,8932
2015-08-15T00:00:00Z,8175
2015-08-16T00:00:00Z,8017
2015-08-17T00:00:00Z,7954
2015-08-18T00:00:00Z,8460
2015-08-19T00:00:00Z,9529
2015-08-20T00:00:00Z,9780
2015-08-21T00:00:00Z,8901
2015-08-22T00:00:00Z,8334
2015-08-23T00:00:00Z,8070
2015-08-24T00:00:00Z,10112
2015-08-25T00:00:00Z,10050
2015-08-26T00:00:00Z,9008
2015-08-27T00:00:00Z,9218
2015-08-28T00:00:00Z,9057
2015-08-29T00:00:00Z,8247
2015-08-30T00:00:00Z,8025
2015-08-31T00:00:00Z,9225
2015-09-01T00:00:00Z,8771
2015-09-02T00:00:00Z,8059
2015-09-03T00:00:00Z,8836
2015-09-04T00:00:00Z,8616
2015-09-05T00:00:00Z,8376
2015-09-06T00:00:00Z,8928
2015-09-07T00:00:00Z,9092
2015-09-08T00:00:00Z,9629
2015-09-09T00:00:00Z,8690
2015-09-10T00:00:00Z,8545
2015-09-11T00:00:00Z,8743
2015-09-12T00:00:00Z,7237
2015-09-13T00:00:00Z,7490
2015-09-14T00:00:00Z,8281
2015-09-15T00:00:00Z,8137
2015-09-16T00:00:00Z,8168
2015-09-17T00:00:00Z,10507
2015-09-18T00:00:00Z,9161
2015-09-19T00:00:00Z,8191
2015-09-20T00:00:00Z,8930
2015-09-21T00:00:00Z,9410
2015-09-22T00:00:00Z,9947
2015-09-23T00:00:00Z,8460
2015-09-24T00:00:00Z,9140
2015-09-25T00:00:00Z,9415
2015-09-26T00:00:00Z,8137
2015-09-27T00:00:00Z,9207
2015-09-28T00:00:00Z,9851
2015-09-29T00:00:00Z,10173
2015-09-30T00:00:00Z,10941
2015-10-01T00:00:00Z,10358
2015-10-02T00:00:00Z,9663
2015-10-03T00:00:00Z,8716
2015-10-04T00:00:00Z,9138
2015-10-05T00:00:00Z,10171
2015-10-06T00:00:00Z,9947
2015-10-07T00:00:00Z,9946
2015-10-08T00:00:00Z,9895
2015-10-09T00:00:00Z,8840
2015-10-10T00:00:00Z,8576
2015-10-11T00:00:00Z,9525
2015-10-12T00:00:00Z,9851
2015-10-13T00:00:00Z,9971
2015-10-14T00:00:00Z,9488
2015-10-15T00:00:00Z,10538
2015-10-16T00:00:00Z,10790
2015-10-17T00:00:00Z,10972
2015-10-18T00:00:00Z,10198
2015-10-19T00:00:00Z,11161
2015-10-20T00:00:00Z,11170
2015-10-21T00:00:00Z,11208
2015-10-22T00:00:00Z,11020
2015-10-23T00:00:00Z,10329
2015-10-24T00:00:00Z,9354
2015-10-25T00:00:00Z,10376
2015-10-26T00:00:00Z,10994
2015-10-27T00:00:00Z,12669
2015-10-28T00:00:00Z,12736
2015-10-29T00:00:00Z,14567
2015-10-30T00:00:00Z,15728
2015-10-31T00:00:00Z,12801
2015-11-01T00:00:00Z,11441
2015-11-02T00:00:00Z,13655
2015-11-03T00:00:00Z,17220
2015-11-04T00:00:00Z,19084
2015-11-05T00:00:00Z,26253
2015-11-06T00:00:00Z,15315
2015-11-07T00:00:00Z,12763
2015-11-08T00:00:00Z,14326
2015-11-09T00:00:00Z,14217
2015-11-10T00:00:00Z,14003
2015-11-11T00:00:00Z,13729
2015-11-12T00:00:00Z,13204
2015-11-13T00:00:00Z,12312
2015-11-14T00:00:00Z,12601
2015-11-15T00:00:00Z,14560
2015-11-16T00:00:00Z,13116
2015-11-17T00:00:00Z,11606
2015-11-18T00:00:00Z,12471
2015-11-19T00:00:00Z,12066
2015-11-20T00:00:00Z,11747
2015-11-21T00:00:00Z,10841
2015-11-22T00:00:00Z,12417
2015-11-23T00:00:00Z,10985
2015-11-24T00:00:00Z,11261
2015-11-25T00:00:00Z,11382
2015-11-26T00:00:00Z,14091
2015-11-27T00:00:00Z,13782
2015-11-28T00:00:00Z,12242
2015-11-29T00:00:00Z,13522
2015-11-30T00:00:00Z,15190
2015-12-01T00:00:00Z,14573
2015-12-02T00:00:00Z,13903
2015-12-03T00:00:00Z,11223
2015-12-04T00:00:00Z,12362
2015-12-05T00:00:00Z,15257
2015-12-06T00:00:00Z,21464
2015-12-07T00:00:00Z,18497
2015-12-08T00:00:00Z,17783
2015-12-09T00:00:00Z,19351
2015-12-10T00:00:00Z,17766
2015-12-11T00:00:00Z,20600
2015-12-12T00:00:00Z,19249
2015-12-13T00:00:00Z,21457
2015-12-14T00:00:00Z,21558
2015-12-15T00:00:00Z,20978
2015-12-16T00:00:00Z,20920
2015-12-17T00:00:00Z,19539
2015-12-18T00:00:00Z,19828
2015-12-19T00:00:00Z,19553
2015-12-20T00:00:00Z,21987
2015-12-21T00:00:00Z,25043
2015-12-22T00:00:00Z,21732
2015-12-23T00:00:00Z,22328
2015-12-24T00:00:00Z,22571
2015-12-25T00:00:00Z,20418
2015-12-26T00:00:00Z,16953
2015-12-27T00:00:00Z,14741
2015-12-28T00:00:00Z,15016
2015-12-29T00:00:00Z,14170
2015-12-30T00:00:00Z,13082
2015-12-31T00:00:00Z,11737
2016-01-01T00:00:00Z,10288
2016-01-02T00:00:00Z,11875
2016-01-03T00:00:00Z,13256
2016-01-04T00:00:00Z,12139
2016-01-05T00:00:00Z,13857
2016-01-06T00:00:00Z,13131
2016-01-07T00:00:00Z,15386
2016-01-08T00:00:00Z,14376
2016-01-09T00:00:00Z,13309
2016-01-10T00:00:00Z,14681
2016-01-11T00:00:00Z,14659
2016-01-12T00:00:00Z,14585
2016-01-13T00:00:00Z,15000
2016-01-14T00:00:00Z,14468
2016-01-15T00:00:00Z,16376
2016-01-16T00:00:00Z,15729
2016-01-17T00:00:00Z,18221
2016-01-18T00:00:00Z,17235
2016-01-19T00:00:00Z,13383
2016-01-20T00:00:00Z,18318
2016-01-21T00:00:00Z,19525
2016-01-22T00:00:00Z,17690
2016-01-23T00:00:00Z,19624
2016-01-24T00:00:00Z,17282
2016-01-25T00:00:00Z,18185
2016-01-26T00:00:00Z,21733
2016-01-27T00:00:00Z,18840
2016-01-28T00:00:00Z,19792
2016-01-29T00:00:00Z,21553
2016-01-30T00:00:00Z,23197
2016-01-31T00:00:00Z,21258
2016-02-01T00:00:00Z,23524
2016-02-02T00:00:00Z,21624
2016-02-03T00:00:00Z,15751
2016-02-04T00:00:00Z,18539
2016-02-05T00:00:00Z,19831
2016-02-06T00:00:00Z,24973
2016-02-07T00:00:00Z,20525
2016-02-08T00:00:00Z,17662
2016-02-09T00:00:00Z,18030
2016-02-10T00:00:00Z,19041
2016-02-11T00:00:00Z,22357
2016-02-12T00:00:00Z,20228
2016-02-13T00:00:00Z,22931
2016-02-14T00:00:00Z,20949
2016-02-15T00:00:00Z,25091
2016-02-16T00:00:00Z,23883
2016-02-17T00:00:00Z,23977
2016-02-18T00:00:00Z,22429
2016-02-19T00:00:00Z,23083
2016-02-20T00:00:00Z,28817
2016-02-21T00:00:00Z,25291
2016-02-22T00:00:00Z,28094
2016-02-23T00:00:00Z,32249
2016-02-24T00:00:00Z,29163
2016-02-25T00:00:00Z,22043
2016-02-26T00:00:00Z,19440
2016-02-27T00:00:00Z,23769
2016-02-28T00:00:00Z,31209
2016-02-29T00:00:00Z,31306
2016-03-01T00:00:00Z,27484
2016-03-02T00:00:00Z,25978
2016-03-03T00:00:00Z,22197
2016-03-04T00:00:00Z,19679
2016-03-05T00:00:00Z,23207
2016-03-06T00:00:00Z,17345
2016-03-07T00:00:00Z,18647
2016-03-08T00:00:00Z,19242
2016-03-09T00:00:00Z,23911
2016-03-10T00:00:00Z,18443
2016-03-11T00:00:00Z,21149
2016-03-12T00:00:00Z,24047
2016-03-13T00:00:00Z,15497
2016-03-14T00:00:00Z,20306
2016-03-15T00:00:00Z,19672
2016-03-16T00:00:00Z,18218
2016-03-17T00:00:00Z,19252
2016-03-18T00:00:00Z,20902
2016-03-19T00:00:00Z,22314
2016-03-20T00:00:00Z,18720
2016-03-21T00:00:00Z,19990
2016-03-22T00:00:00Z,19061
2016-03-23T00:00:00Z,17460
2016-03-24T00:00:00Z,19938
2016-03-25T00:00:00Z,16645
2016-03-26T00:00:00Z,18627
2016-03-27T00:00:00Z,18942
2016-03-28T00:00:00Z,18440
2016-03-29T00:00:00Z,19215
2016-03-30T00:00:00Z,18550
2016-03-31T00:00:00Z,20612
2016-04-01T00:00:00Z,24268
2016-04-02T00:00:00Z,25146
2016-04-03T00:00:00Z,20838
2016-04-04T00:00:00Z,20467
2016-04-05T00:00:00Z,18811
2016-04-06T00:00:00Z,20375
2016-04-07T00:00:00Z,20298
2016-04-08T00:00:00Z,19523
2016-04-09T00:00:00Z,24911
2016-04-10T00:00:00Z,17084
2016-04-11T00:00:00Z,19013
2016-04-12T00:00:00Z,20077
2016-04-13T00:00:00Z,17494
2016-04-14T00:00:00Z,17260
2016-04-15T00:00:00Z,17526
2016-04-16T00:00:00Z,17827
2016-04-17T00:00:00Z,24725
2016-04-18T00:00:00Z,18258
2016-04-19T00:00:00Z,17968
2016-04-20T00:00:00Z,17719
2016-04-21T00:00:00Z,16217
2016-04-22T00:00:00Z,16276
2016-04-23T00:00:00Z,17467
2016-04-24T00:00:00Z,22118
2016-04-25T00:00:00Z,18868
2016-04-26T00:00:00Z,21107
2016-04-27T00:00:00Z,18482
2016-04-28T00:00:00Z,19739
2016-04-29T00:00:00Z,22226
2016-04-30T00:00:00Z,17463
2016-05-01T00:00:00Z,18545
2016-05-02T00:00:00Z,18327
2016-05-03T00:00:00Z,21613
2016-05-04T00:00:00Z,18574
2016-05-05T00:00:00Z,20379
2016-05-06T00:00:00Z,24559
2016-05-07T00:00:00Z,17129
2016-05-08T00:00:00Z,16956
2016-05-09T00:00:00Z,19021
2016-05-10T00:00:00Z,21078
2016-05-11T00:00:00Z,19162
2016-05-12T00:00:00Z,17746
2016-05-13T00:00:00Z,19997
2016-05-14T00:00:00Z,21774
2016-05-15T00:00:00Z,16345
2016-05-16T00:00:00Z,19217
2016-05-17T00:00:00Z,21630
2016-05-18T00:00:00Z,20230
2016-05-19T00:00:00Z,19073
2016-05-20T00:00:00Z,17710
2016-05-21T00:00:00Z,21208
2016-05-22T00:00:00Z,17126
2016-05-23T00:00:00Z,20247
2016-05-24T00:00:00Z,21278
2016-05-25T00:00:00Z,23586
2016-05-26T00:00:00Z,23380
2016-05-27T00:00:00Z,27335
2016-05-28T00:00:00Z,29672
2016-05-29T00:00:00Z,22289
2016-05-30T00:00:00Z,21153
2016-05-31T00:00:00Z,21557
2016-06-01T00:00:00Z,19824
2016-06-02T00:00:00Z,19062
2016-06-03T00:00:00Z,19440
2016-06-04T00:00:00Z,23572
2016-06-05T00:00:00Z,20626
2016-06-06T00:00:00Z,20436
2016-06-07T00:00:00Z,21565
2016-06-08T00:00:00Z,19914
2016-06-09T00:00:00Z,21998
2016-06-10T00:00:00Z,21931
2016-06-11T00:00:00Z,25361
2016-06-12T00:00:00Z,24229
2016-06-13T00:00:00Z,26116
2016-06-14T00:00:00Z,25633
2016-06-15T00:00:00Z,24876
2016-06-16T00:00:00Z,26558
2016-06-17T00:00:00Z,26274
2016-06-18T00:00:00Z,29799
2016-06-19T00:00:00Z,22124
2016-06-20T00:00:00Z,23169
2016-06-21T00:00:00Z,24819
2016-06-22T00:00:00Z,24002
2016-06-23T00:00:00Z,22959
2016-06-24T00:00:00Z,22525
2016-06-25T00:00:00Z,24940
2016-06-26T00:00:00Z,18034
2016-06-27T00:00:00Z,18085
2016-06-28T00:00:00Z,18586
2016-06-29T00:00:00Z,17740
2016-06-30T00:00:00Z,18846
2016-07-01T00:00:00Z,19507
2016-07-02T00:00:00Z,23047
2016-07-03T00:00:00Z,17584
2016-07-04T00:00:00Z,17451
2016-07-05T00:00:00Z,18275
2016-07-06T00:00:00Z,16427
2016-07-07T00:00:00Z,17381
2016-07-08T00:00:00Z,18374
2016-07-09T00:00:00Z,18209
2016-07-10T00:00:00Z,13578
2016-07-11T00:00:00Z,16812
2016-07-12T00:00:00Z,17949
2016-07-13T00:00:00Z,16903
2016-07-14T00:00:00Z,16658
2016-07-15T00:00:00Z,18212
2016-07-16T00:00:00Z,22061
2016-07-17T00:00:00Z,17954
2016-07-18T00:00:00Z,16836
2016-07-19T00:00:00Z,17486
2016-07-20T00:00:00Z,17311
2016-07-21T00:00:00Z,16262
2016-07-22T00:00:00Z,17478
2016-07-23T00:00:00Z,19987
2016-07-24T00:00:00Z,14579
2016-07-25T00:00:00Z,17470
2016-07-26T00:00:00Z,18929
2016-07-27T00:00:00Z,19364
2016-07-28T00:00:00Z,17255
2016-07-29T00:00:00Z,17550
2016-07-30T00:00:00Z,19935
2016-07-31T00:00:00Z,17471
2016-08-01T00:00:00Z,18117
2016-08-02T00:00:00Z,19152
2016-08-03T00:00:00Z,20431
2016-08-04T00:00:00Z,17134
2016-08-05T00:00:00Z,17301
2016-08-06T00:00:00Z,19178
2016-08-07T00:00:00Z,14962
2016-08-08T00:00:00Z,16847
2016-08-09T00:00:00Z,17813
2016-08-10T00:00:00Z,17933
2016-08-11T00:00:00Z,18500
2016-08-12T00:00:00Z,17647
2016-08-13T00:00:00Z,14942
2016-08-14T00:00:00Z,14585
2016-08-15T00:00:00Z,16559
2016-08-16T00:00:00Z,19573
2016-08-17T00:00:00Z,16997
2016-08-18T00:00:00Z,19356
2016-08-19T00:00:00Z,20677
2016-08-20T00:00:00Z,15970
2016-08-21T00:00:00Z,14596
2016-08-22T00:00:00Z,17647
2016-08-23T00:00:00Z,18082
2016-08-24T00:00:00Z,20704
2016-08-25T00:00:00Z,17952
2016-08-26T00:00:00Z,17211
2016-08-27T00:00:00Z,15891
2016-08-28T00:00:00Z,19959
2016-08-29T00:00:00Z,17416
2016-08-30T00:00:00Z,18371
2016-08-31T00:00:00Z,19130
2016-09-01T00:00:00Z,17117
2016-09-02T00:00:00Z,17289
2016-09-03T00:00:00Z,19194
2016-09-04T00:00:00Z,17190
2016-09-05T00:00:00Z,18601
2016-09-06T00:00:00Z,18348
2016-09-07T00:00:00Z,18139
2016-09-08T00:00:00Z,17420
2016-09-09T00:00:00Z,17714
2016-09-10T00:00:00Z,18623
2016-09-11T00:00:00Z,14627
2016-09-12T00:00:00Z,16837
2016-09-13T00:00:00Z,17569
2016-09-14T00:00:00Z,16535
2016-09-15T00:00:00Z,17266
2016-09-16T00:00:00Z,18170
2016-09-17T00:00:00Z,18950
2016-09-18T00:00:00Z,14167
2016-09-19T00:00:00Z,15911
2016-09-20T00:00:00Z,18668
2016-09-21T00:00:00Z,18144
2016-09-22T00:00:00Z,16312
2016-09-23T00:00:00Z,17359
2016-09-24T00:00:00Z,19873
2016-09-25T00:00:00Z,15031
2016-09-26T00:00:00Z,17592
2016-09-27T00:00:00Z,18674
2016-09-28T00:00:00Z,19044
2016-09-29T00:00:00Z,21322
2016-09-30T00:00:00Z,20628
2016-10-01T00:00:00Z,23585
2016-10-02T00:00:00Z,17639
2016-10-03T00:00:00Z,22792
2016-10-04T00:00:00Z,22815
2016-10-05T00:00:00Z,22419
2016-10-06T00:00:00Z,23274
2016-10-07T00:00:00Z,22822
2016-10-08T00:00:00Z,27272
2016-10-09T00:00:00Z,21343
2016-10-10T00:00:00Z,19032
2016-10-11T00:00:00Z,20961
2016-10-12T00:00:00Z,18447
2016-10-13T00:00:00Z,18300
2016-10-14T00:00:00Z,19006
2016-10-15T00:00:00Z,21845
2016-10-16T00:00:00Z,15466
2016-10-17T00:00:00Z,18437
2016-10-18T00:00:00Z,19318
2016-10-19T00:00:00Z,18378
2016-10-20T00:00:00Z,21877
2016-10-21T00:00:00Z,19097
2016-10-22T00:00:00Z,25474
2016-10-23T00:00:00Z,20268
2016-10-24T00:00:00Z,21330
2016-10-25T00:00:00Z,23044
2016-10-26T00:00:00Z,23355
2016-10-27T00:00:00Z,22101
2016-10-28T00:00:00Z,20764
2016-10-29T00:00:00Z,27205
2016-10-30T00:00:00Z,19724
2016-10-31T00:00:00Z,21958
2016-11-01T00:00:00Z,22799
2016-11-02T00:00:00Z,22242
2016-11-03T00:00:00Z,22298
2016-11-04T00:00:00Z,22633
2016-11-05T00:00:00Z,27590
2016-11-06T00:00:00Z,21020
2016-11-07T00:00:00Z,23047
2016-11-08T00:00:00Z,23162
2016-11-09T00:00:00Z,22449
2016-11-10T00:00:00Z,22290
2016-11-11T00:00:00Z,21734
2016-11-12T00:00:00Z,26710
2016-11-13T00:00:00Z,21017
2016-11-14T00:00:00Z,23352
2016-11-15T00:00:00Z,23516
2016-11-16T00:00:00Z,23043
2016-11-17T00:00:00Z,23237
2016-11-18T00:00:00Z,21979
2016-11-19T00:00:00Z,27420
2016-11-20T00:00:00Z,20915
2016-11-21T00:00:00Z,23691
2016-11-22T00:00:00Z,24914
2016-11-23T00:00:00Z,26014
2016-11-24T00:00:00Z,25253
2016-11-25T00:00:00Z,24198
2016-11-26T00:00:00Z,21255
2016-11-27T00:00:00Z,25543
2016-11-28T00:00:00Z,23128
2016-11-29T00:00:00Z,22576
2016-11-30T00:00:00Z,22169
2016-12-01T00:00:00Z,23058
2016-12-02T00:00:00Z,24092
2016-12-03T00:00:00Z,20663
2016-12-04T00:00:00Z,22881
2016-12-05T00:00:00Z,23120
2016-12-06T00:00:00Z,24108
2016-12-07T00:00:00Z,24001
2016-12-08T00:00:00Z,22156
2016-12-09T00:00:00Z,23551
2016-12-10T00:00:00Z,20073
2016-12-11T00:00:00Z,24438
2016-12-12T00:00:00Z,22842
2016-12-13T00:00:00Z,22155
2016-12-14T00:00:00Z,22659
2016-12-15T00:00:00Z,22603
2016-12-16T00:00:00Z,21625
2016-12-17T00:00:00Z,22773
2016-12-18T00:00:00Z,19966
2016-12-19T00:00:00Z,23377
2016-12-20T00:00:00Z,22831
2016-12-21T00:00:00Z,23948
2016-12-22T00:00:00Z,25176
2016-12-23T00:00:00Z,25279
2016-12-24T00:00:00Z,21041
2016-12-25T00:00:00Z,21213
2016-12-26T00:00:00Z,21187
2016-12-27T00:00:00Z,23841
2016-12-28T00:00:00Z,25484
2016-12-29T00:00:00Z,25125
2016-12-30T00:00:00Z,24648
2016-12-31T00:00:00Z,26067
2017-01-01T00:00:00Z,17159
2017-01-02T00:00:00Z,25612
2017-01-03T00:00:00Z,25814
2017-01-04T00:00:00Z,29966
2017-01-05T00:00:00Z,29913
2017-01-06T00:00:00Z,29308
2017-01-07T00:00:00Z,31547
2017-01-08T00:00:00Z,23565
2017-01-09T00:00:00Z,24614
2017-01-10T00:00:00Z,27121
2017-01-11T00:00:00Z,28250
2017-01-12T00:00:00Z,27079
2017-01-13T00:00:00Z,25874
2017-01-14T00:00:00Z,25771
2017-01-15T00:00:00Z,26302
2017-01-16T00:00:00Z,25892
2017-01-17T00:00:00Z,28534
2017-01-18T00:00:00Z,27241
2017-01-19T00:00:00Z,27466
2017-01-20T00:00:00Z,26110
2017-01-21T00:00:00Z,25267
2017-01-22T00:00:00Z,23561
2017-01-23T00:00:00Z,24923
2017-01-24T00:00:00Z,27499
2017-01-25T00:00:00Z,25524
2017-01-26T00:00:00Z,27385
2017-01-27T00:00:00Z,25859
2017-01-28T00:00:00Z,25535
2017-01-29T00:00:00Z,30169
2017-01-30T00:00:00Z,26460
2017-01-31T00:00:00Z,29028
2017-02-01T00:00:00Z,29420
2017-02-02T00:00:00Z,26965
2017-02-03T00:00:00Z,29216
2017-02-04T00:00:00Z,27161
2017-02-05T00:00:00Z,25300
2017-02-06T00:00:00Z,24210
2017-02-07T00:00:00Z,29300
2017-02-08T00:00:00Z,27868
2017-02-09T00:00:00Z,29496
2017-02-10T00:00:00Z,25906
2017-02-11T00:00:00Z,24036
2017-02-12T00:00:00Z,22368
2017-02-13T00:00:00Z,26684
2017-02-14T00:00:00Z,26866
2017-02-15T00:00:00Z,25808
2017-02-16T00:00:00Z,28750
2017-02-17T00:00:00Z,27702
2017-02-18T00:00:00Z,26761
2017-02-19T00:00:00Z,22943
2017-02-20T00:00:00Z,27296
2017-02-21T00:00:00Z,27291
2017-02-22T00:00:00Z,26026
2017-02-23T00:00:00Z,28657
2017-02-24T00:00:00Z,30502
2017-02-25T00:00:00Z,26615
2017-02-26T00:00:00Z,24592
2017-02-27T00:00:00Z,27663
2017-02-28T00:00:00Z,25783
2017-03-01T00:00:00Z,29548
2017-03-02T00:00:00Z,28688
2017-03-03T00:00:00Z,30116
2017-03-04T00:00:00Z,26268
2017-03-05T00:00:00Z,23041
2017-03-06T00:00:00Z,28162
2017-03-07T00:00:00Z,28181
2017-03-08T00:00:00Z,26224
2017-03-09T00:00:00Z,27231
2017-03-10T00:00:00Z,28322
2017-03-11T00:00:00Z,27059
2017-03-12T00:00:00Z,24260
2017-03-13T00:00:00Z,30254
2017-03-14T00:00:00Z,28786
2017-03-15T00:00:00Z,27667
2017-03-16T00:00:00Z,33854
2017-03-17T00:00:00Z,30980
2017-03-18T00:00:00Z,28581
2017-03-19T00:00:00Z,28795
2017-03-20T00:00:00Z,30557
2017-03-21T00:00:00Z,29987
2017-03-22T00:00:00Z,31337
2017-03-23T00:00:00Z,28420
2017-03-24T00:00:00Z,27643
2017-03-25T00:00:00Z,25459
2017-03-26T00:00:00Z,25175
2017-03-27T00:00:00Z,27693
2017-03-28T00:00:00Z,29169
2017-03-29T00:00:00Z,28239
2017-03-30T00:00:00Z,28602
2017-03-31T00:00:00Z,27510
2017-04-01T00:00:00Z,28415
2017-04-02T00:00:00Z,26728
2017-04-03T00:00:00Z,31116
2017-04-04T00:00:00Z,28605
2017-04-05T00:00:00Z,30724
2017-04-06T00:00:00Z,29942
2017-04-07T00:00:00Z,30849
2017-04-08T00:00:00Z,27745
2017-04-09T00:00:00Z,28136
2017-04-10T00:00:00Z,32550
2017-04-11T00:00:00Z,32221
2017-04-12T00:00:00Z,31168
2017-04-13T00:00:00Z,31653
2017-04-14T00:00:00Z,27120
2017-04-15T00:00:00Z,29810
2017-04-16T00:00:00Z,25436
2017-04-17T00:00:00Z,29076
2017-04-18T00:00:00Z,32700
2017-04-19T00:00:00Z,32504
2017-04-20T00:00:00Z,30609
2017-04-21T00:00:00Z,34289
2017-04-22T00:00:00Z,31230
2017-04-23T00:00:00Z,29407
2017-04-24T00:00:00Z,31744
2017-04-25T00:00:00Z,31257
2017-04-26T00:00:00Z,35410
2017-04-27T00:00:00Z,37731
2017-04-28T00:00:00Z,36223
2017-04-29T00:00:00Z,34529
2017-04-30T00:00:00Z,33056
2017-05-01T00:00:00Z,37395
2017-05-02T00:00:00Z,39912
2017-05-03T00:00:00Z,39586
2017-05-04T00:00:00Z,42709
2017-05-05T00:00:00Z,41223
2017-05-06T00:00:00Z,38965
2017-05-07T00:00:00Z,38797
2017-05-08T00:00:00Z,45805
2017-05-09T00:00:00Z,45489
2017-05-10T00:00:00Z,44359
2017-05-11T00:00:00Z,43069
2017-05-12T00:00:00Z,41998
2017-05-13T00:00:00Z,36634
2017-05-14T00:00:00Z,33948
2017-05-15T00:00:00Z,43478
2017-05-16T00:00:00Z,42531
2017-05-17T00:00:00Z,40943
2017-05-18T00:00:00Z,38326
2017-05-19T00:00:00Z,44246
2017-05-20T00:00:00Z,37042
2017-05-21T00:00:00Z,38152
2017-05-22T00:00:00Z,41260
2017-05-23T00:00:00Z,51660
2017-05-24T00:00:00Z,47251
2017-05-25T00:00:00Z,58905
2017-05-26T00:00:00Z,50789
2017-05-27T00:00:00Z,46229
2017-05-28T00:00:00Z,41011
2017-05-29T00:00:00Z,48144
2017-05-30T00:00:00Z,56293
2017-05-31T00:00:00Z,56914
2017-06-01T00:00:00Z,55234
2017-06-02T00:00:00Z,50108
2017-06-03T00:00:00Z,53016
2017-06-04T00:00:00Z,43467
2017-06-05T00:00:00Z,51732
2017-06-06T00:00:00Z,53385
2017-06-07T00:00:00Z,53992
2017-06-08T00:00:00Z,47732
2017-06-09T00:00:00Z,46701
2017-06-10T00:00:00Z,42158
2017-06-11T00:00:00Z,37882
2017-06-12T00:00:00Z,47029
2017-06-13T00:00:00Z,53490
2017-06-14T00:00:00Z,49139
2017-06-15T00:00:00Z,48357
2017-06-16T00:00:00Z,43479
2017-06-17T00:00:00Z,37955
2017-06-18T00:00:00Z,35725
2017-06-19T00:00:00Z,45034
2017-06-20T00:00:00Z,52060
2017-06-21T00:00:00Z,50209
2017-06-22T00:00:00Z,44440
2017-06-23T00:00:00Z,42405
2017-06-24T00:00:00Z,37912
2017-06-25T00:00:00Z,32874
2017-06-26T00:00:00Z,41929
2017-06-27T00:00:00Z,45308
2017-06-28T00:00:00Z,43123
2017-06-29T00:00:00Z,39288
2017-06-30T00:00:00Z,40910
2017-07-01T00:00:00Z,33991
2017-07-02T00:00:00Z,32031
2017-07-03T00:00:00Z,40770
2017-07-04T00:00:00Z,47054
2017-07-05T00:00:00Z,41787
2017-07-06T00:00:00Z,40955
2017-07-07T00:00:00Z,40549
2017-07-08T00:00:00Z,34474
2017-07-09T00:00:00Z,29285
2017-07-10T00:00:00Z,39638
2017-07-11T00:00:00Z,47475
2017-07-12T00:00:00Z,40259
2017-07-13T00:00:00Z,38263
2017-07-14T00:00:00Z,36536
2017-07-15T00:00:00Z,35176
2017-07-16T00:00:00Z,31243
2017-07-17T00:00:00Z,35756
2017-07-18T00:00:00Z,44476
2017-07-19T00:00:00Z,40289
2017-07-20T00:00:00Z,39788
2017-07-21T00:00:00Z,41983
2017-07-22T00:00:00Z,34286
2017-07-23T00:00:00Z,27039
2017-07-24T00:00:00Z,37202
2017-07-25T00:00:00Z,40475
2017-07-26T00:00:00Z,37551
2017-07-27T00:00:00Z,37255
2017-07-28T00:00:00Z,43569
2017-07-29T00:00:00Z,36489
2017-07-30T00:00:00Z,31689
2017-07-31T00:00:00Z,35645
2017-08-01T00:00:00Z,17305
2017-08-02T00:00:00Z,35133
2017-08-03T00:00:00Z,39491
2017-08-04T00:00:00Z,38894
2017-08-05T00:00:00Z,40075
2017-08-06T00:00:00Z,36575
2017-08-07T00:00:00Z,46350
2017-08-08T00:00:00Z,54840
2017-08-09T00:00:00Z,44991
2017-08-10T00:00:00Z,47392
2017-08-11T00:00:00Z,48451
2017-08-12T00:00:00Z,45414
2017-08-13T00:00:00Z,44077
2017-08-14T00:00:00Z,49248
2017-08-15T00:00:00Z,57468
2017-08-16T00:00:00Z,46397
2017-08-17T00:00:00Z,48153
2017-08-18T00:00:00Z,50368
2017-08-19T00:00:00Z,43180
2017-08-20T00:00:00Z,37814
2017-08-21T00:00:00Z,46243
2017-08-22T00:00:00Z,36353
2017-08-23T00:00:00Z,47472
2017-08-24T00:00:00Z,38905
2017-08-25T00:00:00Z,41615
2017-08-26T00:00:00Z,35151
2017-08-27T00:00:00Z,35624
2017-08-28T00:00:00Z,43383
2017-08-29T00:00:00Z,48977
2017-08-30T00:00:00Z,45516
2017-08-31T00:00:00Z,47568
2017-09-01T00:00:00Z,48481
2017-09-02T00:00:00Z,46942
2017-09-03T00:00:00Z,35199
2017-09-04T00:00:00Z,46454
2017-09-05T00:00:00Z,47183
2017-09-06T00:00:00Z,46978
2017-09-07T00:00:00Z,44161
2017-09-08T00:00:00Z,47093
2017-09-09T00:00:00Z,35881
2017-09-10T00:00:00Z,34105
2017-09-11T00:00:00Z,40191
2017-09-12T00:00:00Z,43137
2017-09-13T00:00:00Z,43355
2017-09-14T00:00:00Z,46447
2017-09-15T00:00:00Z,51100
2017-09-16T00:00:00Z,36193
2017-09-17T00:00:00Z,30756
2017-09-18T00:00:00Z,39575
2017-09-19T00:00:00Z,41367
2017-09-20T00:00:00Z,34505
2017-09-21T00:00:00Z,36426
2017-09-22T00:00:00Z,35256
2017-09-23T00:00:00Z,27858
2017-09-24T00:00:00Z,26255
2017-09-25T00:00:00Z,37285
2017-09-26T00:00:00Z,37893
2017-09-27T00:00:00Z,43937
2017-09-28T00:00:00Z,44843
2017-09-29T00:00:00Z,44493
2017-09-30T00:00:00Z,36069
2017-10-01T00:00:00Z,33560
2017-10-02T00:00:00Z,46686
2017-10-03T00:00:00Z,44487
2017-10-04T00:00:00Z,38957
2017-10-05T00:00:00Z,38204
2017-10-06T00:00:00Z,44265
2017-10-07T00:00:00Z,32794
2017-10-08T00:00:00Z,34379
2017-10-09T00:00:00Z,43762
2017-10-10T00:00:00Z,45689
2017-10-11T00:00:00Z,41825
2017-10-12T00:00:00Z,46273
2017-10-13T00:00:00Z,54134
2017-10-14T00:00:00Z,42951
2017-10-15T00:00:00Z,37600
2017-10-16T00:00:00Z,47239
2017-10-17T00:00:00Z,52462
2017-10-18T00:00:00Z,49155
2017-10-19T00:00:00Z,48135
2017-10-20T00:00:00Z,49935
2017-10-21T00:00:00Z,43757
2017-10-22T00:00:00Z,42008
2017-10-23T00:00:00Z,46165
2017-10-24T00:00:00Z,52790
2017-10-25T00:00:00Z,46560
2017-10-26T00:00:00Z,44656
2017-10-27T00:00:00Z,46066
2017-10-28T00:00:00Z,32488
2017-10-29T00:00:00Z,47654
2017-10-30T00:00:00Z,49807
2017-10-31T00:00:00Z,48876
2017-11-01T00:00:00Z,49805
2017-11-02T00:00:00Z,53654
2017-11-03T00:00:00Z,53018
2017-11-04T00:00:00Z,40431
2017-11-05T00:00:00Z,41992
2017-11-06T00:00:00Z,47519
2017-11-07T00:00:00Z,50358
2017-11-08T00:00:00Z,52362
2017-11-09T00:00:00Z,56347
2017-11-10T00:00:00Z,47893
2017-11-11T00:00:00Z,33351
2017-11-12T00:00:00Z,32305
2017-11-13T00:00:00Z,50061
2017-11-14T00:00:00Z,43951
2017-11-15T00:00:00Z,51792
2017-11-16T00:00:00Z,45715
2017-11-17T00:00:00Z,52517
2017-11-18T00:00:00Z,41725
2017-11-19T00:00:00Z,39253
2017-11-20T00:00:00Z,55704
2017-11-21T00:00:00Z,64894
2017-11-22T00:00:00Z,57315
2017-11-23T00:00:00Z,55756
2017-11-24T00:00:00Z,59429
2017-11-25T00:00:00Z,49741
2017-11-26T00:00:00Z,59398
2017-11-27T00:00:00Z,73296
2017-11-28T00:00:00Z,69052
2017-11-29T00:00:00Z,74371
2017-11-30T00:00:00Z,66708
2017-12-01T00:00:00Z,61671
2017-12-02T00:00:00Z,46706
2017-12-03T00:00:00Z,51238
2017-12-04T00:00:00Z,58606
2017-12-05T00:00:00Z,67020
2017-12-06T00:00:00Z,79237
2017-12-07T00:00:00Z,82482
2017-12-08T00:00:00Z,74558
2017-12-09T00:00:00Z,63004
2017-12-10T00:00:00Z,52167
2017-12-11T00:00:00Z,67049
2017-12-12T00:00:00Z,76727
2017-12-13T00:00:00Z,81504
2017-12-14T00:00:00Z,81031
2017-12-15T00:00:00Z,74605
2017-12-16T00:00:00Z,68012
2017-12-17T00:00:00Z,80021
2017-12-18T00:00:00Z,83326
2017-12-19T00:00:00Z,84922
2017-12-20T00:00:00Z,80834
2017-12-21T00:00:00Z,79497
2017-12-22T00:00:00Z,78790
2017-12-23T00:00:00Z,67753
2017-12-24T00:00:00Z,53166
2017-12-25T00:00:00Z,55659
2017-12-26T00:00:00Z,61318
2017-12-27T00:00:00Z,73103
2017-12-28T00:00:00Z,72115
2017-12-29T00:00:00Z,76125
2017-12-30T00:00:00Z,73386
2017-12-31T00:00:00Z,58289
2018-01-01T00:00:00Z,55847
2018-01-02T00:00:00Z,80695
2018-01-03T00:00:00Z,86380
2018-01-04T00:00:00Z,107104
2018-01-05T00:00:00Z,103197
2018-01-06T00:00:00Z,95657
2018-01-07T00:00:00Z,80007
2018-01-08T00:00:00Z,89703
2018-01-09T00:00:00Z,98888
2018-01-10T00:00:00Z,92305
2018-01-11T00:00:00Z,82226
2018-01-12T00:00:00Z,75646
2018-01-13T00:00:00Z,67284
2018-01-14T00:00:00Z,61762
2018-01-15T00:00:00Z,77417
2018-01-16T00:00:00Z,90632
2018-01-17T00:00:00Z,79357
2018-01-18T00:00:00Z,74636
2018-01-19T00:00:00Z,65175
2018-01-20T00:00:00Z,56709
2018-01-21T00:00:00Z,52118
2018-01-22T00:00:00Z,59911
2018-01-23T00:00:00Z,57715
2018-01-24T00:00:00Z,59119
2018-01-25T00:00:00Z,56431
2018-01-26T00:00:00Z,54315
2018-01-27T00:00:00Z,43352
2018-01-28T00:00:00Z,49830
2018-01-29T00:00:00Z,53027
2018-01-30T00:00:00Z,57417
2018-01-31T00:00:00Z,54898
2018-02-01T00:00:00Z,59362
2018-02-02T00:00:00Z,58009
2018-02-03T00:00:00Z,40538
2018-02-04T00:00:00Z,39757
2018-02-05T00:00:00Z,54664
2018-02-06T00:00:00Z,62193
2018-02-07T00:00:00Z,52262
2018-02-08T00:00:00Z,34111
2018-02-09T00:00:00Z,41593
2018-02-10T00:00:00Z,44113
2018-02-11T00:00:00Z,37351
2018-02-12T00:00:00Z,45893
2018-02-13T00:00:00Z,45837
2018-02-14T00:00:00Z,47997
2018-02-15T00:00:00Z,49260
2018-02-16T00:00:00Z,44952
2018-02-17T00:00:00Z,40910
2018-02-18T00:00:00Z,39488
2018-02-19T00:00:00Z,45295
2018-02-20T00:00:00Z,47420
2018-02-21T00:00:00Z,44988
2018-02-22T00:00:00Z,47499
2018-02-23T00:00:00Z,42986
2018-02-24T00:00:00Z,36381
2018-02-25T00:00:00Z,31435
2018-02-26T00:00:00Z,43348
2018-02-27T00:00:00Z,44825
2018-02-28T00:00:00Z,47813
2018-03-01T00:00:00Z,43215
2018-03-02T00:00:00Z,43540
2018-03-03T00:00:00Z,41809
2018-03-04T00:00:00Z,36632
2018-03-05T00:00:00Z,43672
2018-03-06T00:00:00Z,48320
2018-03-07T00:00:00Z,50293
2018-03-08T00:00:00Z,49115
2018-03-09T00:00:00Z,49554
2018-03-10T00:00:00Z,33886
2018-03-11T00:00:00Z,30292
2018-03-12T00:00:00Z,41376
2018-03-13T00:00:00Z,47272
2018-03-14T00:00:00Z,43430
2018-03-15T00:00:00Z,46690
2018-03-16T00:00:00Z,40368
2018-03-17T00:00:00Z,34411
2018-03-18T00:00:00Z,37188
2018-03-19T00:00:00Z,41907
2018-03-20T00:00:00Z,38737
2018-03-21T00:00:00Z,39611
2018-03-22T00:00:00Z,40754
2018-03-23T00:00:00Z,39340
2018-03-24T00:00:00Z,32992
2018-03-25T00:00:00Z,28673
2018-03-26T00:00:00Z,38228
2018-03-27T00:00:00Z,36502
2018-03-28T00:00:00Z,33376
2018-03-29T00:00:00Z,40378
2018-03-30T00:00:00Z,42219
2018-03-31T00:00:00Z,29782
2018-04-01T00:00:00Z,27343
2018-04-02T00:00:00Z,33400
2018-04-03T00:00:00Z,37669
2018-04-04T00:00:00Z,35550
2018-04-05T00:00:00Z,34691
2018-04-06T00:00:00Z,34664
2018-04-07T00:00:00Z,29150
2018-04-08T00:00:00Z,25832
2018-04-09T00:00:00Z,35415
2018-04-10T00:00:00Z,34867
2018-04-11T00:00:00Z,34977
2018-04-12T00:00:00Z,40243
2018-04-13T00:00:00Z,44822
2018-04-14T00:00:00Z,31190
2018-04-15T00:00:00Z,33747
2018-04-16T00:00:00Z,39429
2018-04-17T00:00:00Z,41614
2018-04-18T00:00:00Z,40940
2018-04-19T00:00:00Z,44515
2018-04-20T00:00:00Z,51270
2018-04-21T00:00:00Z,41021
2018-04-22T00:00:00Z,40232
2018-04-23T00:00:00Z,47186
2018-04-24T00:00:00Z,55490
2018-04-25T00:00:00Z,48782
2018-04-26T00:00:00Z,46331
2018-04-27T00:00:00Z,50456
2018-04-28T00:00:00Z,49053
2018-04-29T00:00:00Z,42027
2018-04-30T00:00:00Z,48186
2018-05-01T00:00:00Z,42929
2018-05-02T00:00:00Z,48775
2018-05-03T00:00:00Z,54180
2018-05-04T00:00:00Z,50576
2018-05-05T00:00:00Z,43818
2018-05-06T00:00:00Z,37379
2018-05-07T00:00:00Z,45218
2018-05-08T00:00:00Z,49703
2018-05-09T00:00:00Z,45597
2018-05-10T00:00:00Z,46645
2018-05-11T00:00:00Z,46401
2018-05-12T00:00:00Z,39377
2018-05-13T00:00:00Z,33495
2018-05-14T00:00:00Z,46281
2018-05-15T00:00:00Z,44524
2018-05-16T00:00:00Z,40966
2018-05-17T00:00:00Z,38511
2018-05-18T00:00:00Z,43886
2018-05-19T00:00:00Z,33023
2018-05-20T00:00:00Z,32835
2018-05-21T00:00:00Z,40632
2018-05-22T00:00:00Z,38551
2018-05-23T00:00:00Z,41886
2018-05-24T00:00:00Z,39440
2018-05-25T00:00:00Z,37613
2018-05-26T00:00:00Z,28460
2018-05-27T00:00:00Z,27827
2018-05-28T00:00:00Z,38620
2018-05-29T00:00:00Z,37811
2018-05-30T00:00:00Z,36971
2018-05-31T00:00:00Z,38585
2018-06-01T00:00:00Z,42452
2018-06-02T00:00:00Z,33490
2018-06-03T00:00:00Z,32831
2018-06-04T00:00:00Z,38745
2018-06-05T00:00:00Z,38047
2018-06-06T00:00:00Z,39086
2018-06-07T00:00:00Z,38892
2018-06-08T00:00:00Z,39404
2018-06-09T00:00:00Z,29605
2018-06-10T00:00:00Z,35094
2018-06-11T00:00:00Z,40499
2018-06-12T00:00:00Z,38707
2018-06-13T00:00:00Z,38747
2018-06-14T00:00:00Z,36568
2018-06-15T00:00:00Z,37382
2018-06-16T00:00:00Z,25469
2018-06-17T00:00:00Z,25203
2018-06-18T00:00:00Z,32938
2018-06-19T00:00:00Z,33637
2018-06-20T00:00:00Z,33881
2018-06-21T00:00:00Z,33995
2018-06-22T00:00:00Z,37972
2018-06-23T00:00:00Z,25807
2018-06-24T00:00:00Z,27000
2018-06-25T00:00:00Z,33075
2018-06-26T00:00:00Z,29489
2018-06-27T00:00:00Z,30219
2018-06-28T00:00:00Z,30060
2018-06-29T00:00:00Z,33491
2018-06-30T00:00:00Z,28247
2018-07-01T00:00:00Z,26186
2018-07-02T00:00:00Z,35792
2018-07-03T00:00:00Z,36245
2018-07-04T00:00:00Z,33376
2018-07-05T00:00:00Z,34369
2018-07-06T00:00:00Z,35661
2018-07-07T00:00:00Z,27330
2018-07-08T00:00:00Z,27020
2018-07-09T00:00:00Z,33770
2018-07-10T00:00:00Z,33406
2018-07-11T00:00:00Z,30965
2018-07-12T00:00:00Z,29740
2018-07-13T00:00:00Z,32031
2018-07-14T00:00:00Z,23795
2018-07-15T00:00:00Z,23838
2018-07-16T00:00:00Z,31695
2018-07-17T00:00:00Z,35901
2018-07-18T00:00:00Z,40915
2018-07-19T00:00:00Z,37938
2018-07-20T00:00:00Z,36163
2018-07-21T00:00:00Z,25457
2018-07-22T00:00:00Z,24567
2018-07-23T00:00:00Z,36437
2018-07-24T00:00:00Z,43001
2018-07-25T00:00:00Z,39173
2018-07-26T00:00:00Z,35298
2018-07-27T00:00:00Z,34330
2018-07-28T00:00:00Z,26797
2018-07-29T00:00:00Z,25602
2018-07-30T00:00:00Z,33674
2018-07-31T00:00:00Z,36506
2018-08-01T00:00:00Z,34055
2018-08-02T00:00:00Z,32154
2018-08-03T00:00:00Z,35019
2018-08-04T00:00:00Z,26590
2018-08-05T00:00:00Z,23784
2018-08-06T00:00:00Z,32134
2018-08-07T00:00:00Z,32437
2018-08-08T00:00:00Z,35229
2018-08-09T00:00:00Z,31151
2018-08-10T00:00:00Z,32338
2018-08-11T00:00:00Z,24922
2018-08-12T00:00:00Z,22351
2018-08-13T00:00:00Z,31124
2018-08-14T00:00:00Z,34770
2018-08-15T00:00:00Z,31743
2018-08-16T00:00:00Z,31799
2018-08-17T00:00:00Z,32283
2018-08-18T00:00:00Z,24202
2018-08-19T00:00:00Z,21784
2018-08-20T00:00:00Z,28691
2018-08-21T00:00:00Z,28785
2018-08-22T00:00:00Z,30788
2018-08-23T00:00:00Z,27755
2018-08-24T00:00:00Z,29601
2018-08-25T00:00:00Z,24083
2018-08-26T00:00:00Z,23209
2018-08-27T00:00:00Z,31117
2018-08-28T00:00:00Z,35264
2018-08-29T00:00:00Z,32933
2018-08-30T00:00:00Z,31322
2018-08-31T00:00:00Z,33318
2018-09-01T00:00:00Z,29965
2018-09-02T00:00:00Z,26843
2018-09-03T00:00:00Z,31601
2018-09-04T00:00:00Z,32556
2018-09-05T00:00:00Z,36013
2018-09-06T00:00:00Z,35637
2018-09-07T00:00:00Z,32630
2018-09-08T00:00:00Z,26552
2018-09-09T00:00:00Z,27221
2018-09-10T00:00:00Z,30741
2018-09-11T00:00:00Z,30945
2018-09-12T00:00:00Z,30349
2018-09-13T00:00:00Z,30527
2018-09-14T00:00:00Z,30408
2018-09-15T00:00:00Z,23918
2018-09-16T00:00:00Z,21593
2018-09-17T00:00:00Z,30385
2018-09-18T00:00:00Z,29795
2018-09-19T00:00:00Z,31227
2018-09-20T00:00:00Z,31484
2018-09-21T00:00:00Z,38899
2018-09-22T00:00:00Z,27366
2018-09-23T00:00:00Z,24759
2018-09-24T00:00:00Z,28594
2018-09-25T00:00:00Z,32288
2018-09-26T00:00:00Z,31735
2018-09-27T00:00:00Z,31571
2018-09-28T00:00:00Z,34451
2018-09-29T00:00:00Z,26215
2018-09-30T00:00:00Z,26569
2018-10-01T00:00:00Z,32411
2018-10-02T00:00:00Z,32327
2018-10-03T00:00:00Z,30962
2018-10-04T00:00:00Z,30497
2018-10-05T00:00:00Z,30246
2018-10-06T00:00:00Z,25728
2018-10-07T00:00:00Z,22814
2018-10-08T00:00:00Z,31233
2018-10-09T00:00:00Z,31977
2018-10-10T00:00:00Z,32529
2018-10-11T00:00:00Z,35339
2018-10-12T00:00:00Z,31420
2018-10-13T00:00:00Z,23724
2018-10-14T00:00:00Z,23286
2018-10-15T00:00:00Z,42373
2018-10-16T00:00:00Z,33168
2018-10-17T00:00:00Z,31019
2018-10-18T00:00:00Z,31023
2018-10-19T00:00:00Z,28440
2018-10-20T00:00:00Z,23074
2018-10-21T00:00:00Z,22638
2018-10-22T00:00:00Z,31765
2018-10-23T00:00:00Z,31772
2018-10-24T00:00:00Z,32717
2018-10-25T00:00:00Z,37273
2018-10-26T00:00:00Z,32345
2018-10-27T00:00:00Z,23575
2018-10-28T00:00:00Z,23841
2018-10-29T00:00:00Z,34848
2018-10-30T00:00:00Z,35494
2018-10-31T00:00:00Z,35380
2018-11-01T00:00:00Z,33688
2018-11-02T00:00:00Z,33513
2018-11-03T00:00:00Z,26073
2018-11-04T00:00:00Z,25249
2018-11-05T00:00:00Z,33895
2018-11-06T00:00:00Z,33358
2018-11-07T00:00:00Z,32603
2018-11-08T00:00:00Z,30911
2018-11-09T00:00:00Z,31408
2018-11-10T00:00:00Z,23190
2018-11-11T00:00:00Z,22345
2018-11-12T00:00:00Z,31920
2018-11-13T00:00:00Z,31212
2018-11-14T00:00:00Z,34910
2018-11-15T00:00:00Z,38987
2018-11-16T00:00:00Z,34161
2018-11-17T00:00:00Z,25229
2018-11-18T00:00:00Z,23746
2018-11-19T00:00:00Z,35512
2018-11-20T00:00:00Z,43380
2018-11-21T00:00:00Z,35939
2018-11-22T00:00:00Z,29298
2018-11-23T00:00:00Z,31012
2018-11-24T00:00:00Z,24638
2018-11-25T00:00:00Z,30296
2018-11-26T00:00:00Z,33754
2018-11-27T00:00:00Z,32291
2018-11-28T00:00:00Z,33815
2018-11-29T00:00:00Z,33704
2018-11-30T00:00:00Z,32605
2018-12-01T00:00:00Z,25041
2018-12-02T00:00:00Z,21971
2018-12-03T00:00:00Z,30723
2018-12-04T00:00:00Z,34003
2018-12-05T00:00:00Z,32502
2018-12-06T00:00:00Z,35131
2018-12-07T00:00:00Z,34780
2018-12-08T00:00:00Z,24424
2018-12-09T00:00:00Z,23260
2018-12-10T00:00:00Z,29107
2018-12-11T00:00:00Z,28594
2018-12-12T00:00:00Z,28291
2018-12-13T00:00:00Z,28810
2018-12-14T00:00:00Z,28896
2018-12-15T00:00:00Z,22641
2018-12-16T00:00:00Z,21937
2018-12-17T00:00:00Z,29970
2018-12-18T00:00:00Z,30858
2018-12-19T00:00:00Z,36263
2018-12-20T00:00:00Z,34621
2018-12-21T00:00:00Z,34231
2018-12-22T00:00:00Z,24212
2018-12-23T00:00:00Z,23868
2018-12-24T00:00:00Z,31252
2018-12-25T00:00:00Z,25376
2018-12-26T00:00:00Z,26084
2018-12-27T00:00:00Z,28859
2018-12-28T00:00:00Z,31436
2018-12-29T00:00:00Z,25331
2018-12-30T00:00:00Z,22969
2018-12-31T00:00:00Z,25406
2019-01-01T00:00:00Z,18787
2019-01-02T00:00:00Z,28605
2019-01-03T00:00:00Z,29913
2019-01-04T00:00:00Z,28776
2019-01-05T00:00:00Z,23593
2019-01-06T00:00:00Z,23849
2019-01-07T00:00:00Z,29275
2019-01-08T00:00:00Z,29944
2019-01-09T00:00:00Z,30251
2019-01-10T00:00:00Z,33341
2019-01-11T00:00:00Z,30270
2019-01-12T00:00:00Z,22031
2019-01-13T00:00:00Z,21832
2019-01-14T00:00:00Z,27609
2019-01-15T00:00:00Z,30250
2019-01-16T00:00:00Z,29985
2019-01-17T00:00:00Z,30641
2019-01-18T00:00:00Z,28710
2019-01-19T00:00:00Z,23302
2019-01-20T00:00:00Z,23688
2019-01-21T00:00:00Z,28314
2019-01-22T00:00:00Z,28964
2019-01-23T00:00:00Z,28299
2019-01-24T00:00:00Z,28596
2019-01-25T00:00:00Z,27980
2019-01-26T00:00:00Z,22935
2019-01-27T00:00:00Z,21831
2019-01-28T00:00:00Z,32120
2019-01-29T00:00:00Z,30670
2019-01-30T00:00:00Z,31081
2019-01-31T00:00:00Z,33485
2019-02-01T00:00:00Z,29908
2019-02-02T00:00:00Z,22273
2019-02-03T00:00:00Z,21156
2019-02-04T00:00:00Z,25364
2019-02-05T00:00:00Z,26137
2019-02-06T00:00:00Z,26842
2019-02-07T00:00:00Z,25509
2019-02-08T00:00:00Z,27604
2019-02-09T00:00:00Z,23333
2019-02-10T00:00:00Z,20746
2019-02-11T00:00:00Z,27527
2019-02-12T00:00:00Z,28450
2019-02-13T00:00:00Z,28941
2019-02-14T00:00:00Z,26452
2019-02-15T00:00:00Z,26678
2019-02-16T00:00:00Z,23921
2019-02-17T00:00:00Z,22522
2019-02-18T00:00:00Z,34235
2019-02-19T00:00:00Z,34651
2019-02-20T00:00:00Z,32575
2019-02-21T00:00:00Z,30602
2019-02-22T00:00:00Z,30797
2019-02-23T00:00:00Z,25915
2019-02-24T00:00:00Z,31053
2019-02-25T00:00:00Z,35534
2019-02-26T00:00:00Z,34697
2019-02-27T00:00:00Z,33349
2019-02-28T00:00:00Z,33729
2019-03-01T00:00:00Z,34059
2019-03-02T00:00:00Z,26558
2019-03-03T00:00:00Z,24440
2019-03-04T00:00:00Z,32704
2019-03-05T00:00:00Z,35565
2019-03-06T00:00:00Z,34273
2019-03-07T00:00:00Z,34949
2019-03-08T00:00:00Z,34748
2019-03-09T00:00:00Z,27495
2019-03-10T00:00:00Z,25084
2019-03-11T00:00:00Z,35477
2019-03-12T00:00:00Z,34991
2019-03-13T00:00:00Z,35885
2019-03-14T00:00:00Z,36343
2019-03-15T00:00:00Z,37073
2019-03-16T00:00:00Z,31593
2019-03-17T00:00:00Z,26905
2019-03-18T00:00:00Z,36270
2019-03-19T00:00:00Z,38785
2019-03-20T00:00:00Z,38954
2019-03-21T00:00:00Z,38010
2019-03-22T00:00:00Z,36378
2019-03-23T00:00:00Z,28866
2019-03-24T00:00:00Z,28689
2019-03-25T00:00:00Z,39651
2019-03-26T00:00:00Z,39957
2019-03-27T00:00:00Z,41655
2019-03-28T00:00:00Z,37828
2019-03-29T00:00:00Z,39132
2019-03-30T00:00:00Z,34651
2019-03-31T00:00:00Z,31622
2019-04-01T00:00:00Z,40163
2019-04-02T00:00:00Z,55709
2019-04-03T00:00:00Z,54993
2019-04-04T00:00:00Z,43461
2019-04-05T00:00:00Z,39463
2019-04-06T00:00:00Z,31616
2019-04-07T00:00:00Z,34456
2019-04-08T00:00:00Z,47042
2019-04-09T00:00:00Z,43078
2019-04-10T00:00:00Z,44076
2019-04-11T00:00:00Z,44594
2019-04-12T00:00:00Z,37674
2019-04-13T00:00:00Z,28765
2019-04-14T00:00:00Z,27631
2019-04-15T00:00:00Z,38479
2019-04-16T00:00:00Z,38267
2019-04-17T00:00:00Z,38876
2019-04-18T00:00:00Z,40150
2019-04-19T00:00:00Z,37562
2019-04-20T00:00:00Z,31312
2019-04-21T00:00:00Z,33655
2019-04-22T00:00:00Z,41718
2019-04-23T00:00:00Z,45355
2019-04-24T00:00:00Z,46576
2019-04-25T00:00:00Z,43706
2019-04-26T00:00:00Z,47310
2019-04-27T00:00:00Z,31868
2019-04-28T00:00:00Z,30763
2019-04-29T00:00:00Z,37018
2019-04-30T00:00:00Z,40910
2019-05-01T00:00:00Z,33149
2019-05-02T00:00:00Z,35488
2019-05-03T00:00:00Z,40610
2019-05-04T00:00:00Z,34222
2019-05-05T00:00:00Z,34426
2019-05-06T00:00:00Z,42290
2019-05-07T00:00:00Z,48680
2019-05-08T00:00:00Z,48889
2019-05-09T00:00:00Z,41922
2019-05-10T00:00:00Z,40754
2019-05-11T00:00:00Z,39760
2019-05-12T00:00:00Z,37444
2019-05-13T00:00:00Z,40846
2019-05-14T00:00:00Z,44788
2019-05-15T00:00:00Z,55140
2019-05-16T00:00:00Z,67279
2019-05-17T00:00:00Z,57701
2019-05-18T00:00:00Z,44700
2019-05-19T00:00:00Z,47942
2019-05-20T00:00:00Z,57917
2019-05-21T00:00:00Z,62036
2019-05-22T00:00:00Z,59429
2019-05-23T00:00:00Z,55677
2019-05-24T00:00:00Z,57912
2019-05-25T00:00:00Z,45720
2019-05-26T00:00:00Z,45367
2019-05-27T00:00:00Z,64673
2019-05-28T00:00:00Z,58483
2019-05-29T00:00:00Z,57424
2019-05-30T00:00:00Z,60744
2019-05-31T00:00:00Z,50618
2019-06-01T00:00:00Z,44941
2019-06-02T00:00:00Z,42584
2019-06-03T00:00:00Z,49071
2019-06-04T00:00:00Z,53948
2019-06-05T00:00:00Z,48972
2019-06-06T00:00:00Z,46378
2019-06-07T00:00:00Z,42544
2019-06-08T00:00:00Z,35774
2019-06-09T00:00:00Z,33522
2019-06-10T00:00:00Z,47690
2019-06-11T00:00:00Z,48427
2019-06-12T00:00:00Z,48253
2019-06-13T00:00:00Z,47874
2019-06-14T00:00:00Z,51700
2019-06-15T00:00:00Z,44128
2019-06-16T00:00:00Z,45182
2019-06-17T00:00:00Z,50552
2019-06-18T00:00:00Z,49547
2019-06-19T00:00:00Z,47783
2019-06-20T00:00:00Z,49726
2019-06-21T00:00:00Z,55318
2019-06-22T00:00:00Z,56384
2019-06-23T00:00:00Z,43624
2019-06-24T00:00:00Z,51522
2019-06-25T00:00:00Z,55992
2019-06-26T00:00:00Z,72157
2019-06-27T00:00:00Z,65279
2019-06-28T00:00:00Z,55927
2019-06-29T00:00:00Z,46060
2019-06-30T00:00:00Z,42025
2019-07-01T00:00:00Z,49359
2019-07-02T00:00:00Z,51226
2019-07-03T00:00:00Z,50403
2019-07-04T00:00:00Z,47199
2019-07-05T00:00:00Z,46328
2019-07-06T00:00:00Z,34897
2019-07-07T00:00:00Z,34102
2019-07-08T00:00:00Z,43429
2019-07-09T00:00:00Z,45312
2019-07-10T00:00:00Z,46137
2019-07-11T00:00:00Z,43076
2019-07-12T00:00:00Z,41197
2019-07-13T00:00:00Z,31105
2019-07-14T00:00:00Z,31612
2019-07-15T00:00:00Z,41138
2019-07-16T00:00:00Z,40323
2019-07-17T00:00:00Z,40248
2019-07-18T00:00:00Z,38155
2019-07-19T00:00:00Z,36401
2019-07-20T00:00:00Z,29787
2019-07-21T00:00:00Z,26965
2019-07-22T00:00:00Z,34501
2019-07-23T00:00:00Z,34191
2019-07-24T00:00:00Z,34691
2019-07-25T00:00:00Z,34938
2019-07-26T00:00:00Z,34193
2019-07-27T00:00:00Z,28023
2019-07-28T00:00:00Z,25402
2019-07-29T00:00:00Z,34220
2019-07-30T00:00:00Z,36494
2019-07-31T00:00:00Z,37637
2019-08-01T00:00:00Z,35344
2019-08-02T00:00:00Z,35461
2019-08-03T00:00:00Z,28483
2019-08-04T00:00:00Z,27410
2019-08-05T00:00:00Z,41387
2019-08-06T00:00:00Z,39018
2019-08-07T00:00:00Z,34931
2019-08-08T00:00:00Z,35385
2019-08-09T00:00:00Z,34100
2019-08-10T00:00:00Z,28307
2019-08-11T00:00:00Z,24774
2019-08-12T00:00:00Z,29009
2019-08-13T00:00:00Z,32276
2019-08-14T00:00:00Z,35136
2019-08-15T00:00:00Z,35411
2019-08-16T00:00:00Z,33441
2019-08-17T00:00:00Z,26765
2019-08-18T00:00:00Z,24459
2019-08-19T00:00:00Z,33877
2019-08-20T00:00:00Z,31191
2019-08-21T00:00:00Z,34973
2019-08-22T00:00:00Z,34815
2019-08-23T00:00:00Z,30512
2019-08-24T00:00:00Z,27211
2019-08-25T00:00:00Z,22740
2019-08-26T00:00:00Z,31309
2019-08-27T00:00:00Z,32419
2019-08-28T00:00:00Z,32534
2019-08-29T00:00:00Z,33820
2019-08-30T00:00:00Z,30227
2019-08-31T00:00:00Z,24195
2019-09-01T00:00:00Z,22342
2019-09-02T00:00:00Z,31932
2019-09-03T00:00:00Z,34422
2019-09-04T00:00:00Z,31867
2019-09-05T00:00:00Z,32322
2019-09-06T00:00:00Z,33209
2019-09-07T00:00:00Z,25081
2019-09-08T00:00:00Z,23272
2019-09-09T00:00:00Z,31820
2019-09-10T00:00:00Z,32022
2019-09-11T00:00:00Z,32272
2019-09-12T00:00:00Z,31371
2019-09-13T00:00:00Z,27866
2019-09-14T00:00:00Z,22041
2019-09-15T00:00:00Z,21224
2019-09-16T00:00:00Z,30521
2019-09-17T00:00:00Z,31208
2019-09-18T00:00:00Z,32764
2019-09-19T00:00:00Z,32709
2019-09-20T00:00:00Z,30096
2019-09-21T00:00:00Z,23275
2019-09-22T00:00:00Z,22577
2019-09-23T00:00:00Z,31999
2019-09-24T00:00:00Z,35218
2019-09-25T00:00:00Z,36371
2019-09-26T00:00:00Z,32789
2019-09-27T00:00:00Z,30888
2019-09-28T00:00:00Z,24750
2019-09-29T00:00:00Z,22654
2019-09-30T00:00:00Z,31210
2019-10-01T00:00:00Z,30125
2019-10-02T00:00:00Z,26553
2019-10-03T00:00:00Z,26076
2019-10-04T00:00:00Z,25535
2019-10-05T00:00:00Z,21768
2019-10-06T00:00:00Z,20909
2019-10-07T00:00:00Z,27262
2019-10-08T00:00:00Z,28611
2019-10-09T00:00:00Z,29399
2019-10-10T00:00:00Z,29607
2019-10-11T00:00:00Z,28821
2019-10-12T00:00:00Z,22556
2019-10-13T00:00:00Z,19927
2019-10-14T00:00:00Z,26591
2019-10-15T00:00:00Z,29022
2019-10-16T00:00:00Z,28822
2019-10-17T00:00:00Z,28692
2019-10-18T00:00:00Z,29247
2019-10-19T00:00:00Z,23812
2019-10-20T00:00:00Z,22122
2019-10-21T00:00:00Z,29514
2019-10-22T00:00:00Z,29739
2019-10-23T00:00:00Z,32645
2019-10-24T00:00:00Z,28932
2019-10-25T00:00:00Z,31431
2019-10-26T00:00:00Z,32026
2019-10-27T00:00:00Z,24744
2019-10-28T00:00:00Z,32663
2019-10-29T00:00:00Z,32041
2019-10-30T00:00:00Z,32830
2019-10-31T00:00:00Z,31051
2019-11-01T00:00:00Z,29137
2019-11-02T00:00:00Z,23710
2019-11-03T00:00:00Z,21335
2019-11-04T00:00:00Z,28335
2019-11-05T00:00:00Z,31016
2019-11-06T00:00:00Z,29036
2019-11-07T00:00:00Z,28983
2019-11-08T00:00:00Z,29584
2019-11-09T00:00:00Z,23163
2019-11-10T00:00:00Z,20786
2019-11-11T00:00:00Z,26749
2019-11-12T00:00:00Z,27132
2019-11-13T00:00:00Z,27596
2019-11-14T00:00:00Z,27388
2019-11-15T00:00:00Z,29827
2019-11-16T00:00:00Z,22254
2019-11-17T00:00:00Z,20286
2019-11-18T00:00:00Z,27688
2019-11-19T00:00:00Z,28965
2019-11-20T00:00:00Z,26970
2019-11-21T00:00:00Z,29850
2019-11-22T00:00:00Z,33450
2019-11-23T00:00:00Z,24392
2019-11-24T00:00:00Z,21504
2019-11-25T00:00:00Z,31436
2019-11-26T00:00:00Z,29138
2019-11-27T00:00:00Z,30256
2019-11-28T00:00:00Z,27957
2019-11-29T00:00:00Z,28812
2019-11-30T00:00:00Z,25498
2019-12-01T00:00:00Z,23864
2019-12-02T00:00:00Z,27885
2019-12-03T00:00:00Z,28342
2019-12-04T00:00:00Z,28766
2019-12-05T00:00:00Z,27642
2019-12-06T00:00:00Z,27152
2019-12-07T00:00:00Z,23147
2019-12-08T00:00:00Z,20413
2019-12-09T00:00:00Z,26091
2019-12-10T00:00:00Z,28924
2019-12-11T00:00:00Z,27333
2019-12-12T00:00:00Z,27023
2019-12-13T00:00:00Z,27166
2019-12-14T00:00:00Z,23362
2019-12-15T00:00:00Z,20322
2019-12-16T00:00:00Z,27237
2019-12-17T00:00:00Z,31326
2019-12-18T00:00:00Z,30599
2019-12-19T00:00:00Z,29592
2019-12-20T00:00:00Z,28163
2019-12-21T00:00:00Z,23633
2019-12-22T00:00:00Z,21077
2019-12-23T00:00:00Z,29191
2019-12-24T00:00:00Z,26334
2019-12-25T00:00:00Z,21271
2019-12-26T00:00:00Z,23638
2019-12-27T00:00:00Z,27080
2019-12-28T00:00:00Z,22792
2019-12-29T00:00:00Z,19913
2019-12-30T00:00:00Z,27007
2019-12-31T00:00:00Z,24975
2020-01-01T00:00:00Z,18350
2020-01-02T00:00:00Z,23356
2020-01-03T00:00:00Z,27308
2020-01-04T00:00:00Z,20564
2020-01-05T00:00:00Z,21080
2020-01-06T00:00:00Z,27723
2020-01-07T00:00:00Z,31593
2020-01-08T00:00:00Z,32574
2020-01-09T00:00:00Z,28003
2020-01-10T00:00:00Z,27756
2020-01-11T00:00:00Z,24279
2020-01-12T00:00:00Z,19927
2020-01-13T00:00:00Z,24381
2020-01-14T00:00:00Z,33637
2020-01-15T00:00:00Z,34451
2020-01-16T00:00:00Z,28963
2020-01-17T00:00:00Z,29874
2020-01-18T00:00:00Z,24948
2020-01-19T00:00:00Z,24814
2020-01-20T00:00:00Z,26817
2020-01-21T00:00:00Z,27151
2020-01-22T00:00:00Z,26778
2020-01-23T00:00:00Z,26651
2020-01-24T00:00:00Z,25178
2020-01-25T00:00:00Z,19723
2020-01-26T00:00:00Z,19473
2020-01-27T00:00:00Z,25962
2020-01-28T00:00:00Z,30095
2020-01-29T00:00:00Z,30937
2020-01-30T00:00:00Z,30598
2020-01-31T00:00:00Z,30663
2020-02-01T00:00:00Z,26963
2020-02-02T00:00:00Z,24059
2020-02-03T00:00:00Z,30126
2020-02-04T00:00:00Z,30589
2020-02-05T00:00:00Z,33701
2020-02-06T00:00:00Z,32922
2020-02-07T00:00:00Z,32070
2020-02-08T00:00:00Z,28549
2020-02-09T00:00:00Z,27266
2020-02-10T00:00:00Z,33380
2020-02-11T00:00:00Z,34441
2020-02-12T00:00:00Z,38127
2020-02-13T00:00:00Z,36336
2020-02-14T00:00:00Z,33730
2020-02-15T00:00:00Z,31136
2020-02-16T00:00:00Z,26499
2020-02-17T00:00:00Z,33148
2020-02-18T00:00:00Z,33743
2020-02-19T00:00:00Z,32023
2020-02-20T00:00:00Z,33254
2020-02-21T00:00:00Z,30341
2020-02-22T00:00:00Z,25388
2020-02-23T00:00:00Z,22777
2020-02-24T00:00:00Z,28638
2020-02-25T00:00:00Z,31323
2020-02-26T00:00:00Z,35918
2020-02-27T00:00:00Z,32915
2020-02-28T00:00:00Z,33124
2020-02-29T00:00:00Z,28654
2020-03-01T00:00:00Z,24474
2020-03-02T00:00:00Z,32628
2020-03-03T00:00:00Z,33240
2020-03-04T00:00:00Z,31220
2020-03-05T00:00:00Z,33011
2020-03-06T00:00:00Z,32078
2020-03-07T00:00:00Z,26440
2020-03-08T00:00:00Z,27448
2020-03-09T00:00:00Z,38259
2020-03-10T00:00:00Z,35522
2020-03-11T00:00:00Z,31940
2020-03-12T00:00:00Z,48738
2020-03-13T00:00:00Z,57648
2020-03-14T00:00:00Z,34106
2020-03-15T00:00:00Z,29120
2020-03-16T00:00:00Z,46139
2020-03-17T00:00:00Z,36628
2020-03-18T00:00:00Z,35156
2020-03-19T00:00:00Z,43749
2020-03-20T00:00:00Z,41738
2020-03-21T00:00:00Z,27198
2020-03-22T00:00:00Z,29651
2020-03-23T00:00:00Z,38076
2020-03-24T00:00:00Z,34841
2020-03-25T00:00:00Z,33589
2020-03-26T00:00:00Z,35379
2020-03-27T00:00:00Z,32760
2020-03-28T00:00:00Z,28155
2020-03-29T00:00:00Z,25076
2020-03-30T00:00:00Z,37563
2020-03-31T00:00:00Z,45183
2020-04-01T00:00:00Z,34574
2020-04-02T00:00:00Z,36670
2020-04-03T00:00:00Z,36873
2020-04-04T00:00:00Z,30546
2020-04-05T00:00:00Z,26034
2020-04-06T00:00:00Z,34957
2020-04-07T00:00:00Z,39282
2020-04-08T00:00:00Z,33930
2020-04-09T00:00:00Z,33181
2020-04-10T00:00:00Z,34700
2020-04-11T00:00:00Z,24721
2020-04-12T00:00:00Z,24527
2020-04-13T00:00:00Z,32149
2020-04-14T00:00:00Z,33570
2020-04-15T00:00:00Z,35433
2020-04-16T00:00:00Z,40990
2020-04-17T00:00:00Z,32785
2020-04-18T00:00:00Z,28296
2020-04-19T00:00:00Z,25725
2020-04-20T00:00:00Z,35475
2020-04-21T00:00:00Z,33455
2020-04-22T00:00:00Z,33025
2020-04-23T00:00:00Z,37944
2020-04-24T00:00:00Z,39553
2020-04-25T00:00:00Z,32048
2020-04-26T00:00:00Z,27933
2020-04-27T00:00:00Z,38213
2020-04-28T00:00:00Z,35156
2020-04-29T00:00:00Z,48870
2020-04-30T00:00:00Z,46602
2020-05-01T00:00:00Z,38460
2020-05-02T00:00:00Z,29910
2020-05-03T00:00:00Z,31113
2020-05-04T00:00:00Z,37590
2020-05-05T00:00:00Z,37237
2020-05-06T00:00:00Z,40422
2020-05-07T00:00:00Z,46918
2020-05-08T00:00:00Z,48303
2020-05-09T00:00:00Z,34780
2020-05-10T00:00:00Z,40079
2020-05-11T00:00:00Z,43256
2020-05-12T00:00:00Z,40275
2020-05-13T00:00:00Z,39408
2020-05-14T00:00:00Z,39183
2020-05-15T00:00:00Z,45018
2020-05-16T00:00:00Z,32749
2020-05-17T00:00:00Z,28551
2020-05-18T00:00:00Z,39244
2020-05-19T00:00:00Z,35925
2020-05-20T00:00:00Z,43001
2020-05-21T00:00:00Z,39235
2020-05-22T00:00:00Z,42889
2020-05-23T00:00:00Z,29431
2020-05-24T00:00:00Z,25645
2020-05-25T00:00:00Z,35050
2020-05-26T00:00:00Z,35801
2020-05-27T00:00:00Z,36352
2020-05-28T00:00:00Z,39133
2020-05-29T00:00:00Z,36933
2020-05-30T00:00:00Z,31142
2020-05-31T00:00:00Z,29388
2020-06-01T00:00:00Z,37078
2020-06-02T00:00:00Z,45155
2020-06-03T00:00:00Z,39042
2020-06-04T00:00:00Z,39462
2020-06-05T00:00:00Z,38832
2020-06-06T00:00:00Z,30717
2020-06-07T00:00:00Z,28706
2020-06-08T00:00:00Z,35855
2020-06-09T00:00:00Z,37507
2020-06-10T00:00:00Z,36977
2020-06-11T00:00:00Z,40444
2020-06-12T00:00:00Z,37939
2020-06-13T00:00:00Z,28241
2020-06-14T00:00:00Z,26040
2020-06-15T00:00:00Z,39227
2020-06-16T00:00:00Z,36124
2020-06-17T00:00:00Z,36232
2020-06-18T00:00:00Z,35392
2020-06-19T00:00:00Z,38001
2020-06-20T00:00:00Z,28947
2020-06-21T00:00:00Z,24874
2020-06-22T00:00:00Z,37293
2020-06-23T00:00:00Z,37174
2020-06-24T00:00:00Z,35380
2020-06-25T00:00:00Z,35563
2020-06-26T00:00:00Z,34779
2020-06-27T00:00:00Z,28117
2020-06-28T00:00:00Z,25701
2020-06-29T00:00:00Z,34718
2020-06-30T00:00:00Z,36206
2020-07-01T00:00:00Z,39940
2020-07-02T00:00:00Z,38699
2020-07-03T00:00:00Z,36610
2020-07-04T00:00:00Z,30161
2020-07-05T00:00:00Z,27213
2020-07-06T00:00:00Z,39692
2020-07-07T00:00:00Z,38164
2020-07-08T00:00:00Z,44251
2020-07-09T00:00:00Z,39945
2020-07-10T00:00:00Z,36291
2020-07-11T00:00:00Z,29171
2020-07-12T00:00:00Z,27036
2020-07-13T00:00:00Z,37640
2020-07-14T00:00:00Z,38626
2020-07-15T00:00:00Z,38914
2020-07-16T00:00:00Z,41935
2020-07-17T00:00:00Z,37717
2020-07-18T00:00:00Z,30203
2020-07-19T00:00:00Z,27187
2020-07-20T00:00:00Z,34673
2020-07-21T00:00:00Z,40560
2020-07-22T00:00:00Z,39305
2020-07-23T00:00:00Z,40192
2020-07-24T00:00:00Z,37090
2020-07-25T00:00:00Z,30696
2020-07-26T00:00:00Z,30467
2020-07-27T00:00:00Z,49687
2020-07-28T00:00:00Z,50318
2020-07-29T00:00:00Z,43727
2020-07-30T00:00:00Z,43754
2020-07-31T00:00:00Z,46833
2020-08-01T00:00:00Z,38309
2020-08-02T00:00:00Z,37447
2020-08-03T00:00:00Z,43459
2020-08-04T00:00:00Z,43919
2020-08-05T00:00:00Z,43066
2020-08-06T00:00:00Z,45327
2020-08-07T00:00:00Z,44764
2020-08-08T00:00:00Z,33446
2020-08-09T00:00:00Z,30817
2020-08-10T00:00:00Z,43579
2020-08-11T00:00:00Z,48188
2020-08-12T00:00:00Z,45075
2020-08-13T00:00:00Z,47106
2020-08-14T00:00:00Z,51522
2020-08-15T00:00:00Z,38572
2020-08-16T00:00:00Z,33848
2020-08-17T00:00:00Z,48213
2020-08-18T00:00:00Z,49408
2020-08-19T00:00:00Z,45249
2020-08-20T00:00:00Z,42897
2020-08-21T00:00:00Z,40357
2020-08-22T00:00:00Z,31866
2020-08-23T00:00:00Z,29079
2020-08-24T00:00:00Z,40138
2020-08-25T00:00:00Z,46296
2020-08-26T00:00:00Z,41969
2020-08-27T00:00:00Z,42458
2020-08-28T00:00:00Z,43165
2020-08-29T00:00:00Z,34468
2020-08-30T00:00:00Z,31255
2020-08-31T00:00:00Z,46290
2020-09-01T00:00:00Z,50937
2020-09-02T00:00:00Z,51892
2020-09-03T00:00:00Z,51961
2020-09-04T00:00:00Z,50280
2020-09-05T00:00:00Z,39475
2020-09-06T00:00:00Z,33375
2020-09-07T00:00:00Z,40110
2020-09-08T00:00:00Z,42663
2020-09-09T00:00:00Z,41045
2020-09-10T00:00:00Z,42194
2020-09-11T00:00:00Z,38840
2020-09-12T00:00:00Z,32147
2020-09-13T00:00:00Z,29976
2020-09-14T00:00:00Z,43496
2020-09-15T00:00:00Z,43391
2020-09-16T00:00:00Z,42743
2020-09-17T00:00:00Z,43251
2020-09-18T00:00:00Z,41801
2020-09-19T00:00:00Z,32619
2020-09-20T00:00:00Z,28877
2020-09-21T00:00:00Z,42282
2020-09-22T00:00:00Z,40055
2020-09-23T00:00:00Z,45546
2020-09-24T00:00:00Z,39786
2020-09-25T00:00:00Z,42360
2020-09-26T00:00:00Z,29763
2020-09-27T00:00:00Z,29005
2020-09-28T00:00:00Z,39394
2020-09-29T00:00:00Z,44704
2020-09-30T00:00:00Z,41305
2020-10-01T00:00:00Z,41210
2020-10-02T00:00:00Z,42623
2020-10-03T00:00:00Z,29896
2020-10-04T00:00:00Z,27724
2020-10-05T00:00:00Z,37612
2020-10-06T00:00:00Z,40918
2020-10-07T00:00:00Z,40094
2020-10-08T00:00:00Z,38645
2020-10-09T00:00:00Z,40730
2020-10-10T00:00:00Z,33483
2020-10-11T00:00:00Z,30616
2020-10-12T00:00:00Z,37590
2020-10-13T00:00:00Z,41502
2020-10-14T00:00:00Z,40258
2020-10-15T00:00:00Z,41472
2020-10-16T00:00:00Z,42231
2020-10-17T00:00:00Z,30861
2020-10-18T00:00:00Z,26291
2020-10-19T00:00:00Z,42130
2020-10-20T00:00:00Z,44572
2020-10-21T00:00:00Z,49351
2020-10-22T00:00:00Z,49474
2020-10-23T00:00:00Z,41728
2020-10-24T00:00:00Z,30967
2020-10-25T00:00:00Z,29252
2020-10-26T00:00:00Z,39912
2020-10-27T00:00:00Z,44074
2020-10-28T00:00:00Z,43278
2020-10-29T00:00:00Z,42447
2020-10-30T00:00:00Z,46265
2020-10-31T00:00:00Z,37584
2020-11-01T00:00:00Z,31247
2020-11-02T00:00:00Z,46585
2020-11-03T00:00:00Z,49720
2020-11-04T00:00:00Z,44683
2020-11-05T00:00:00Z,50668
2020-11-06T00:00:00Z,50621
2020-11-07T00:00:00Z,36623
2020-11-08T00:00:00Z,33412
2020-11-09T00:00:00Z,47679
2020-11-10T00:00:00Z,47254
2020-11-11T00:00:00Z,44669
2020-11-12T00:00:00Z,46705
2020-11-13T00:00:00Z,46932
2020-11-14T00:00:00Z,34468
2020-11-15T00:00:00Z,29513
2020-11-16T00:00:00Z,42661
2020-11-17T00:00:00Z,51110
2020-11-18T00:00:00Z,56147
2020-11-19T00:00:00Z,46128
2020-11-20T00:00:00Z,48753
2020-11-21T00:00:00Z,40660
2020-11-22T00:00:00Z,36473
2020-11-23T00:00:00Z,49421
2020-11-24T00:00:00Z,57138
2020-11-25T00:00:00Z,53759
2020-11-26T00:00:00Z,58146
2020-11-27T00:00:00Z,49562
2020-11-28T00:00:00Z,38690
2020-11-29T00:00:00Z,36899
2020-11-30T00:00:00Z,55721
2020-12-01T00:00:00Z,66519
2020-12-02T00:00:00Z,53004
2020-12-03T00:00:00Z,50735
2020-12-04T00:00:00Z,48372
2020-12-05T00:00:00Z,35186
2020-12-06T00:00:00Z,33751
2020-12-07T00:00:00Z,44876
2020-12-08T00:00:00Z,45812
2020-12-09T00:00:00Z,47901
2020-12-10T00:00:00Z,50015
2020-12-11T00:00:00Z,46887
2020-12-12T00:00:00Z,42219
2020-12-13T00:00:00Z,34454
2020-12-14T00:00:00Z,42902
2020-12-15T00:00:00Z,46966
2020-12-16T00:00:00Z,50084
2020-12-17T00:00:00Z,62003
2020-12-18T00:00:00Z,54101
2020-12-19T00:00:00Z,43867
2020-12-20T00:00:00Z,38088
2020-12-21T00:00:00Z,45710
2020-12-22T00:00:00Z,54752
2020-12-23T00:00:00Z,54715
2020-12-24T00:00:00Z,49109
2020-12-25T00:00:00Z,36345
2020-12-26T00:00:00Z,43322
2020-12-27T00:00:00Z,51893
2020-12-28T00:00:00Z,52903
2020-12-29T00:00:00Z,58370
2020-12-30T00:00:00Z,59997
2020-12-31T00:00:00Z,56240
2021-01-01T00:00:00Z,42813
2021-01-02T00:00:00Z,61713
2021-01-03T00:00:00Z,60896
2021-01-04T00:00:00Z,72971
2021-01-05T00:00:00Z,69929
2021-01-06T00:00:00Z,74224
2021-01-07T00:00:00Z,75897
2021-01-08T00:00:00Z,70910
2021-01-09T00:00:00Z,56982
2021-01-10T00:00:00Z,52904
2021-01-11T00:00:00Z,72766
2021-01-12T00:00:00Z,63730
2021-01-13T00:00:00Z,58825
2021-01-14T00:00:00Z,59292
2021-01-15T00:00:00Z,63396
2021-01-16T00:00:00Z,50720
2021-01-17T00:00:00Z,43704
2021-01-18T00:00:00Z,52179
2021-01-19T00:00:00Z,56566
2021-01-20T00:00:00Z,54929
2021-01-21T00:00:00Z,67485
2021-01-22T00:00:00Z,65644
2021-01-23T00:00:00Z,44601
2021-01-24T00:00:00Z,39341
2021-01-25T00:00:00Z,55263
2021-01-26T00:00:00Z,53897
2021-01-27T00:00:00Z,60533
2021-01-28T00:00:00Z,63375
2021-01-29T00:00:00Z,85887
2021-01-30T00:00:00Z,62883
2021-01-31T00:00:00Z,58088
2021-02-01T00:00:00Z,63625
2021-02-02T00:00:00Z,62547
2021-02-03T00:00:00Z,62347
2021-02-04T00:00:00Z,70247
2021-02-05T00:00:00Z,69605
2021-02-06T00:00:00Z,61031
2021-02-07T00:00:00Z,52849
2021-02-08T00:00:00Z,78130
2021-02-09T00:00:00Z,91055
2021-02-10T00:00:00Z,70348
2021-02-11T00:00:00Z,80311
2021-02-12T00:00:00Z,73233
2021-02-13T00:00:00Z,56348
2021-02-14T00:00:00Z,53675
2021-02-15T00:00:00Z,61538
2021-02-16T00:00:00Z,63177
2021-02-17T00:00:00Z,75966
2021-02-18T00:00:00Z,75885
2021-02-19T00:00:00Z,76026
2021-02-20T00:00:00Z,80801
2021-02-21T00:00:00Z,60857
2021-02-22T00:00:00Z,83285
2021-02-23T00:00:00Z,85628
2021-02-24T00:00:00Z,76405
2021-02-25T00:00:00Z,67029
2021-02-26T00:00:00Z,70530
2021-02-27T00:00:00Z,54128
2021-02-28T00:00:00Z,53835
2021-03-01T00:00:00Z,74294
2021-03-02T00:00:00Z,66874
2021-03-03T00:00:00Z,65595
2021-03-04T00:00:00Z,59939
2021-03-05T00:00:00Z,62702
2021-03-06T00:00:00Z,46212
2021-03-07T00:00:00Z,56100
2021-03-08T00:00:00Z,60112
2021-03-09T00:00:00Z,71423
2021-03-10T00:00:00Z,76718
2021-03-11T00:00:00Z,65624
2021-03-12T00:00:00Z,68378
2021-03-13T00:00:00Z,63421
2021-03-14T00:00:00Z,54653
2021-03-15T00:00:00Z,70258
2021-03-16T00:00:00Z,67371
2021-03-17T00:00:00Z,64999
2021-03-18T00:00:00Z,68549
2021-03-19T00:00:00Z,64281
2021-03-20T00:00:00Z,50784
2021-03-21T00:00:00Z,44784
2021-03-22T00:00:00Z,62533
2021-03-23T00:00:00Z,65776
2021-03-24T00:00:00Z,62414
2021-03-25T00:00:00Z,65038
2021-03-26T00:00:00Z,66271
2021-03-27T00:00:00Z,47817
2021-03-28T00:00:00Z,45031
2021-03-29T00:00:00Z,59558
2021-03-30T00:00:00Z,69557
2021-03-31T00:00:00Z,66047
2021-04-01T00:00:00Z,70233
2021-04-02T00:00:00Z,60491
2021-04-03T00:00:00Z,48387
2021-04-04T00:00:00Z,40558
2021-04-05T00:00:00Z,59458
2021-04-06T00:00:00Z,69764
2021-04-07T00:00:00Z,66499
2021-04-08T00:00:00Z,60627
2021-04-09T00:00:00Z,62436
2021-04-10T00:00:00Z,64261
2021-04-11T00:00:00Z,50207
2021-04-12T00:00:00Z,65159
2021-04-13T00:00:00Z,70927
2021-04-14T00:00:00Z,76975
2021-04-15T00:00:00Z,74147
2021-04-16T00:00:00Z,78215
2021-04-17T00:00:00Z,71607
2021-04-18T00:00:00Z,72956
2021-04-19T00:00:00Z,85772
2021-04-20T00:00:00Z,91213
2021-04-21T00:00:00Z,72942
2021-04-22T00:00:00Z,74028
2021-04-23T00:00:00Z,82288
2021-04-24T00:00:00Z,52289
2021-04-25T00:00:00Z,45477
2021-04-26T00:00:00Z,72250
2021-04-27T00:00:00Z,64471
2021-04-28T00:00:00Z,60778
2021-04-29T00:00:00Z,65016
2021-04-30T00:00:00Z,68989
2021-05-01T00:00:00Z,49308
2021-05-02T00:00:00Z,46387
2021-05-03T00:00:00Z,61758
2021-05-04T00:00:00Z,69390
2021-05-05T00:00:00Z,69699
2021-05-06T00:00:00Z,69465
2021-05-07T00:00:00Z,69718
2021-05-08T00:00:00Z,61246
2021-05-09T00:00:00Z,67280
2021-05-10T00:00:00Z,84151
2021-05-11T00:00:00Z,72368
2021-05-12T00:00:00Z,74127
2021-05-13T00:00:00Z,82126
2021-05-14T00:00:00Z,66968
2021-05-15T00:00:00Z,55991
2021-05-16T00:00:00Z,50811
2021-05-17T00:00:00Z,72290
2021-05-18T00:00:00Z,67101
2021-05-19T00:00:00Z,90713
2021-05-20T00:00:00Z,81240
2021-05-21T00:00:00Z,66398
2021-05-22T00:00:00Z,52696
2021-05-23T00:00:00Z,52544
2021-05-24T00:00:00Z,62688
2021-05-25T00:00:00Z,61465
2021-05-26T00:00:00Z,56993
2021-05-27T00:00:00Z,48460
2021-05-28T00:00:00Z,54156
2021-05-29T00:00:00Z,38819
2021-05-30T00:00:00Z,32958
2021-05-31T00:00:00Z,45397
2021-06-01T00:00:00Z,51435
2021-06-02T00:00:00Z,51415
2021-06-03T00:00:00Z,53302
2021-06-04T00:00:00Z,47884
2021-06-05T00:00:00Z,38637
2021-06-06T00:00:00Z,33378
2021-06-07T00:00:00Z,47350
2021-06-08T00:00:00Z,55598
2021-06-09T00:00:00Z,53364
2021-06-10T00:00:00Z,53425
2021-06-11T00:00:00Z,48136
2021-06-12T00:00:00Z,38247
2021-06-13T00:00:00Z,34090
2021-06-14T00:00:00Z,49684
2021-06-15T00:00:00Z,58886
2021-06-16T00:00:00Z,50111
2021-06-17T00:00:00Z,46683
2021-06-18T00:00:00Z,42340
2021-06-19T00:00:00Z,33939
2021-06-20T00:00:00Z,32660
2021-06-21T00:00:00Z,47620
2021-06-22T00:00:00Z,53299
2021-06-23T00:00:00Z,47110
2021-06-24T00:00:00Z,42575
2021-06-25T00:00:00Z,44315
2021-06-26T00:00:00Z,36317
2021-06-27T00:00:00Z,32139
